vibration,temp_palier,debit,pression_entree,pression_sortie,courant_moteur,temp_moteur,heure_fonctionnement,etat_pompe_code
19.356885394792567,44.837,0.395,1.987,107.73,20.04016516162984,63.61581709579066,1103.0,1
15.92913925563793,44.837,0.395,1.987,107.73,13.74534435138735,83.75023656314966,1103.0,1
12.969575242184288,94.61412672731804,0.07010810031718881,0.18567388487159092,67.6966865352668,22.323872724187048,91.76534457331277,9321.805992604961,1
9.711318691890025,171.56299413717284,0.12892544634373468,0.3129355150671918,38.9335138202396,29.170679664315728,197.02934423407504,14589.245326611446,1
3.2161459292577907,36.55187350536427,0.34579409127712446,2.4051177373965293,128.02428587750225,5.007032608431501,60.79593030424498,1345.3365659349593,0
16.52977806279732,97.75867933219442,0.12149681155252086,0.1714869011659275,23.46297878798773,28.64859649380958,111.30190951545067,3109.0444194145957,1
0.9542969431098899,43.116075221166014,0.4305420201836342,1.7052996301002548,106.05847116356173,4.1832954327819145,48.17060056376047,1175.2273516868345,0
9.85905723615812,44.837,0.395,1.987,107.73,8.572472084953857,200.17586245268228,1103.0,1
0.8007366911686299,35.28207217075416,0.448515604793187,1.7446539397365166,96.52076455259545,3.8183449158257243,45.59269384111296,2504.841617083211,0
15.626799064732182,104.96494387180346,0.1430555439737562,0.29263307050765636,27.889021376593337,16.17332009831785,181.10654017582175,7346.179233529819,1
2.0102518125645705,46.736712086699214,0.2617936419523297,2.1188797579271808,115.11601557963631,3.2861566118210517,66.83946560266943,2762.6172015954394,0
3.424071788145654,37.302812125509746,0.31944256412958943,2.2499780954991744,127.05855191824739,4.468695839823836,46.26556180672685,118.1755010784582,0
15.844305573704991,44.837,0.395,1.987,107.73,13.705573160142452,87.86687028287793,1103.0,1
1.2699416215582873,47.78594365584857,0.40386242269158035,1.2096236312247028,113.84200463043801,6.485070582179631,55.881556991413845,2762.0742023358584,0
18.263474012538776,44.837,0.395,1.987,107.73,20.261084091996597,61.10460777958534,1103.0,1
8.479274118066773,100.15200737197648,0.09559532348070358,0.12120898245530987,31.692411265777395,29.64838238727935,199.54693916535663,8694.40275146929,1
23.30579880758548,88.21069560828293,0.1343723597340292,0.1310425190939754,49.39376214397914,41.93052210846204,100.24993260778754,14619.92352119106,1
18.699275387987488,44.837,0.395,1.987,107.73,13.52172419312261,90.1294117514367,1103.0,1
11.600851878181553,44.837,0.395,1.987,107.73,13.253430885901285,82.61042552516267,1103.0,1
1.6160542573783494,48.19902033261395,0.3522410620759054,2.3684389186467727,124.33651007372048,4.501479095812565,63.771776694787434,2263.628622254047,0
0.6806808347008924,40.060054718660766,0.33941986035100125,1.2087624436664082,96.57147373089637,5.74106500823294,48.06244654914973,1904.7199774594883,0
17.512998258829064,127.59449988195739,0.11125261934877347,0.3025692512686113,22.35291929069927,23.631874549130586,95.133217001435,4558.284161014572,1
1.1146438224521376,49.923111328584696,0.5138745564854588,2.254099007587413,99.55184845526156,4.579337704633458,69.62474140352188,2316.037428929971,0
9.585707762776543,44.837,0.395,1.987,107.73,8.624725011016162,102.58378445456822,1103.0,1
0.7017677419021036,36.61360492596839,0.5496677836099872,1.2206145739092307,119.92735648195385,5.823327685593858,66.45058177518072,2992.8848922064694,0
12.484004296442722,44.837,0.395,1.987,107.73,13.79222553839017,85.12565268117288,1103.0,1
10.713418489733767,44.837,0.395,1.987,107.73,13.793937404841513,214.6438200093897,1103.0,1
11.865509781288965,161.50605197558662,0.08388271976526872,0.254422658127034,15.974782812401735,12.528929163019063,195.6422226424459,7523.834007442099,1
2.5868544394904207,35.054710481272735,0.43587680123795225,1.275436719838579,121.76789325108336,3.325467239380963,59.70505667370976,1442.9186696583713,0
1.3677343159179636,50.301414111280174,0.2848416880601577,2.4162457750151063,102.55866869509411,6.109412853080384,60.07357191198654,2480.1220792244626,0
1.8631320036798826,49.35407040657347,0.2794247742352734,1.5276581603413786,96.00194658775936,4.13636574411521,63.433926934694995,1428.0543881062995,0
0.61,44.837,0.395,1.987,107.73,8.584866922292612,165.8222952851742,1103.0,1
2.728119563599943,42.23338668561728,0.3537804977640889,1.3049736496707451,129.5059825494423,3.1403821699436887,66.67578740306121,1736.0262257171803,0
2.528532686226302,40.526768262338884,0.45589815900582925,0.7323181815085709,96.99525748703837,5.995080406170253,50.679488925587876,2511.12337572882,0
2.6187384876657864,45.585722196146556,0.5470326538260597,1.1925709279510779,103.59887455172992,3.2762879103129445,56.06995341359344,783.1455787045443,0
18.315304805307346,120.58403833570279,0.09590622008141632,0.20139963430854702,64.41199464039016,31.38320566299404,90.24829811490486,8397.647888453144,1
1.6928371356586118,39.49269647369687,0.31159988161203994,1.517775425361891,100.7413502427043,4.006115827140375,61.418901586863925,2905.6119950996767,0
11.638304969390212,44.837,0.395,1.987,107.73,13.509760156206864,82.98521245502604,1103.0,1
15.840548543130163,182.8257707364796,0.395,1.987,107.73,20.300838236598025,60.93919545488989,1103.0,1
21.394682926749965,44.837,0.395,1.987,107.73,13.804234988290109,112.18359614243606,1103.0,1
10.78978492533211,44.837,0.395,1.987,107.73,13.877562390228608,137.62805017671866,1103.0,1
3.4260294004372116,48.888556423621225,0.5057642263737911,2.382133939724399,93.40413944479141,4.349591573796667,46.775872226100056,632.3793046500858,0
14.333663116617284,61.58872373167988,0.005634934431597088,0.3151544341140273,42.28567984726668,28.7872974791368,109.17494365072024,11937.008779559066,1
2.9326357430237553,49.20904077447877,0.3496573099346814,1.917874309200211,120.84491263407546,5.291277404030841,48.78987687000249,2627.649250551171,0
8.699865787103713,44.837,0.395,1.987,107.73,8.621883368081296,264.4250493225115,1103.0,1
13.535741859324432,44.837,0.395,1.987,107.73,8.623426487044092,155.28751378164966,1103.0,1
10.638652312016577,44.837,0.395,1.987,107.73,13.857722917823972,183.72466031357155,1103.0,1
18.64846751468691,44.837,0.395,1.987,107.73,13.5159252513094,64.59354756274983,1103.0,1
19.361363224017218,110.33671274592947,0.10983288094683334,0.16990568931905045,58.788520268903525,31.418230934963926,105.29157193158875,5840.645710245995,1
2.6442598293318373,36.163657693622284,0.3753000987450984,0.8210811218125421,114.51183342146041,6.284687553749541,61.544443311790964,230.40914494326458,0
6.8144176549566176,87.83693462524191,0.13121490938309902,0.1386707755220497,53.19980815764678,15.338465447232405,154.77654244973905,7272.807589429738,1
3.3412720013255575,43.436398799000145,0.36415531296096837,0.9097671401700229,121.44822609044232,5.57055376226457,54.60887596310337,75.58024187768808,0
19.597782354071956,106.36661312034478,0.09438287895124381,0.30979387634659117,52.66730902091715,13.714881238328948,183.16973668220803,8499.039777180576,1
1.6464184244977078,44.43044065580003,0.2730274185666214,0.6079561428931199,116.8173733518767,5.246368308805024,55.26972024999029,1468.932228096098,0
14.578031401883743,44.837,0.395,1.987,107.73,20.301527441846407,59.47381520096804,1103.0,1
19.51207887571633,44.837,0.395,1.987,107.73,20.02128652880917,63.14274376502469,1103.0,1
2.6845662686108103,43.423352375505374,0.45652071892832086,1.4261719433471178,99.85608132956428,5.866858111859699,64.98539697422449,2084.0894125632803,0
2.612239304297671,38.620390745651484,0.2909114426760309,0.6276348647689757,104.02350235226388,5.064711903991215,54.80610112749331,1312.4247660711872,0
11.80622450651087,44.837,0.395,1.987,107.73,13.628986631518876,186.98618070289928,1103.0,1
2.347956350780537,38.196420488462074,0.35661537060572185,2.0892043905222546,112.16906056528066,3.0183036474001947,64.02476900070235,105.93406482071721,0
3.1607747006278086,45.9787838151385,0.33577203677174805,2.1502991840403727,124.45479985453744,5.962800185415973,67.97316334098886,756.7230605200848,0
18.809258164259465,44.837,0.395,1.987,107.73,20.154299938258955,66.50985637335371,1103.0,1
9.48159416572416,44.837,0.395,1.987,107.73,8.591343481213377,155.42227535903615,1103.0,1
3.340268734076722,41.803608689444424,0.48498939488681436,1.1052640562010256,129.61329215174592,3.090193595675229,60.088220162528025,1978.5179449539814,0
9.97727296341532,44.837,0.395,1.987,107.73,8.585112818074673,82.01543079104243,1103.0,1
8.550906670513566,44.837,0.395,1.987,107.73,8.584965933140785,165.386909228795,1103.0,1
18.168030909875952,44.837,0.395,1.987,107.73,20.24434044089655,60.69951405312639,1103.0,1
13.626052280646428,44.837,0.395,1.987,107.73,8.614945766252706,161.17552433611695,1103.0,1
23.603304057251002,120.9484966590207,0.038835641218970936,0.1158480059094166,53.56509108903103,16.002998934182628,116.33301539263607,9389.65089460677,1
21.40726253087945,44.837,0.395,1.987,107.73,13.796743280381628,89.98998631643703,1103.0,1
19.34872125513808,44.837,0.395,1.987,107.73,20.11249603232873,64.41968742051988,1103.0,1
3.2813713455933478,51.48875093086825,0.42137814098112925,0.8717021330648802,104.98192973518326,5.792062921718749,54.184768217426765,261.05165490836623,0
6.5361983824353125,44.837,0.395,1.987,107.73,8.626387477726427,104.91467163777004,1103.0,1
3.0489421720322345,39.20491772963436,0.3851632405930281,0.8454028887878404,128.1620410903489,5.12161122057808,50.71607013758657,2015.1020532175703,0
2.2481433480340445,48.81205495775092,0.3480823073010026,1.1809135191498532,106.10814883978242,5.353775419357772,62.05479223137747,945.7183039483524,0
3.135546683904044,41.87038546806756,0.34810994846897164,1.8684274325708108,122.31383767765034,5.667997971718155,64.94534122146587,1306.749944438799,0
10.623465543541432,44.837,0.395,1.987,107.73,13.829656101813647,178.86888125959248,1103.0,1
12.314917624361936,44.837,0.395,1.987,107.73,20.219040451503272,64.53518344975231,1103.0,1
8.884427352132624,44.837,0.395,1.987,107.73,8.662586934386665,335.2806711462401,1103.0,1
9.79567370135695,44.837,0.395,1.987,107.73,8.562677063239272,205.18328934681628,1103.0,1
3.051723584045348,38.42598242610732,0.5303299116260325,1.9092665421216362,122.9309285072012,4.946667424205041,64.48791753560158,48.601192018401626,0
16.81346436262306,44.837,0.395,1.987,107.73,20.219764850353695,61.14373258891693,1103.0,1
2.0072818614991292,47.43526811495297,0.5374354026758301,1.018847408066296,125.44727088517381,6.270064399586216,67.91051361330166,1906.2430705857296,0
17.68621015937287,44.837,0.395,1.987,107.73,20.14013910009974,59.66186535506032,1103.0,1
14.671552286315672,44.837,0.395,1.987,107.73,20.273846373995507,60.20655983414717,1103.0,1
3.228363832811726,47.276435002750404,0.4100159886296088,2.2529414033306012,95.22609375293851,5.766784279962097,48.12052034917121,2382.631987648216,0
19.87810374604304,169.90100388171567,0.06356551798963851,0.2026397800335685,67.69304392825399,26.68013028330885,138.685808053914,7219.798468102865,1
11.571808505687564,44.837,0.395,1.987,107.73,18.98337982631742,61.44290559696281,1103.0,1
12.236286770915074,44.837,0.395,1.987,107.73,13.66984188856852,222.0585489008491,1103.0,1
17.125413777411236,44.837,0.395,1.987,107.73,20.14005602020761,58.83621973046658,1103.0,1
2.145257488980688,36.129876538196626,0.4799545148597754,1.7090558166895913,121.27839908631836,5.631114473385441,65.07505179894594,1554.0241992138745,0
18.714255376493618,162.37256839027754,0.0133159900434349,0.35949849286233293,29.237194393013606,17.884939910131138,108.72438036104556,8015.622096166645,1
8.915240236843541,44.837,0.395,1.987,107.73,8.701350796313546,752.1634973286962,1103.0,1
1.465009968978646,49.41671552322523,0.46865843268098406,0.7812586268951002,107.14808083945735,3.1020941727584255,57.022253665075226,1987.3020351032042,0
0.5265898553404067,51.96295454659363,0.4530463896572187,2.1740916689533223,101.78477585384772,3.05010347183471,63.44673796403825,2502.433791002027,0
3.134100538533371,44.483852486221245,0.5379373061214552,0.6925202119598666,93.92030739122964,3.154230515496335,49.6319212583385,1623.8103328250343,0
2.2307116538790774,43.372800794920686,0.30857289633941337,1.9726590189968602,101.23089449763424,3.0851058825100885,61.13680739767919,531.3320382211468,0
12.610962619388385,44.837,0.395,1.987,107.73,20.29046429603768,64.4486396313075,1103.0,1
7.943265021898906,92.24715443698048,0.01346392508402357,0.37324787940589466,10.362822591038706,27.967387222522277,94.78969497590617,6692.149073735382,1
15.396813024701975,44.837,0.395,1.987,107.73,13.814145851625335,84.31222780716463,1103.0,1
10.233427332750129,63.37388679948095,0.004228701067083324,0.17342352389107818,62.88914917533463,25.725150591817815,166.44000429991917,14019.420424559494,1
2.2823921460564054,41.475144562727365,0.540974319344381,2.2000259539578466,123.53314818844552,4.640426059282396,55.37048755844163,820.2212157921188,0
15.86968857166029,64.09203272214957,0.11851970605891624,0.16533424053027057,50.622268892920616,38.506000067055076,147.42523474898158,11890.598480663826,1
19.201958954476076,44.837,0.395,1.987,107.73,20.057194106187016,65.61613450957334,1103.0,1
7.938428933393493,44.837,0.395,1.987,107.73,8.39593648710715,221.66563110352044,1103.0,1
14.12716504416878,44.837,0.395,1.987,107.73,8.612728906132329,241.040011881189,1103.0,1
14.83689763535096,44.837,0.395,1.987,107.73,13.744014691831762,63.32781804547836,1103.0,1
18.71339250464982,44.837,0.395,1.987,107.73,20.08261911984666,65.46144366184046,1103.0,1
1.618065551036942,39.415814323925545,0.4670260341065755,1.5421638966496645,93.24184863630592,3.77064120682434,62.08146909148989,228.39257847090056,0
18.693623846570198,44.837,0.395,1.987,107.73,20.1824333583511,62.04747173084005,1103.0,1
6.530554334657331,44.837,0.395,1.987,107.73,8.630170256769965,225.10147984486807,1103.0,1
15.241771533973278,172.58627346540396,0.007167204702210805,0.20566929252122362,61.39431932100015,25.069797755370402,103.89882771164804,8097.530175976942,1
2.6163824908504587,42.26922267295674,0.38276365444442373,1.8337124166960752,127.45122485875706,3.2240222131301732,65.61858093367519,877.1493312365793,0
1.3164354116898882,45.03392133677448,0.35829216908200806,0.7740059393206049,126.69254301848972,3.478865208216365,68.75593384552006,1338.0173188738672,0
17.544657734430587,44.837,0.395,1.987,107.73,20.14791244048288,59.95506665670637,1103.0,1
7.910309655747183,164.64094523731274,0.07922838926345342,0.2401782988022508,16.402709146141255,33.43534822297974,184.15995102741078,12938.230431881435,1
1.7473253105699658,42.292053668312455,0.4122715011514243,1.9232166333686038,118.08584384727318,3.6009286769690734,57.50281880191567,1235.874285102306,0
6.321106156443202,176.5710294562171,0.0540089852896089,0.24336020647394077,31.317038454215357,34.522887093834605,159.46785899955117,11583.867726349628,1
19.993106730525135,44.837,0.395,1.987,107.73,20.042940787277768,63.34434110036744,1103.0,1
8.260649789621898,44.837,0.395,1.987,107.73,8.591379770156719,192.81539652885985,1103.0,1
8.272324082765525,141.47220489274778,0.10114403605500369,0.3939866342074836,69.13604403716802,34.66039418689627,109.23377503786331,12582.67005756719,1
18.209394427288622,113.85205242073727,0.02983946696925575,0.28050598258613957,13.640984137040938,25.640301175749343,145.5937927596405,8232.56368942295,1
2.476080894856835,37.76988526038431,0.27117062422012894,1.8205966285919994,91.06045242166488,5.050214534457122,68.50575603562393,1726.4225336276368,0
0.6294797358517283,50.14943293286721,0.40831033272589,2.4866331126266705,92.95186258941595,4.938489995404623,69.23256339047748,1569.2935325104465,0
1.0011257237028497,37.8495266769014,0.2610014280800629,1.999163828624717,116.5521811048722,4.661208065124349,66.10426122422993,2417.0104588501595,0
12.96199859422408,44.837,0.395,1.987,107.73,13.796049429117453,94.76625379998566,1103.0,1
1.2738248831454668,46.21972878258104,0.4951666600603648,1.6548815420389782,111.18602313424026,3.846483018151581,47.32756919514748,2691.6472738599805,0
2.1575029022236674,43.84288816928277,0.2928627884018235,2.0731576857659575,100.85637521786857,4.738433979862813,52.106852323187915,401.48508899907944,0
7.18964732137988,175.72958360094793,0.02621774818250489,0.2944090954165643,24.727267752335827,35.67952562740168,173.21856406883373,11081.036746937192,1
18.5019427186928,44.837,0.395,1.987,107.73,13.510276538743025,133.46128647912104,1103.0,1
17.501963112358958,44.837,0.395,1.987,107.73,19.34165522826745,64.87849102163838,1103.0,1
3.1054039276937386,43.28633037024173,0.5183656680682275,2.119724986299899,107.00854017876934,3.078642579120411,51.71693398462365,1624.9026439826007,0
1.418940496334638,48.412747718653485,0.3839258549204747,2.1169226469848694,122.89689494673114,6.001468181814493,67.91588089603019,1292.9556615398888,0
11.674084151512599,94.55859800768732,0.11609926309410135,0.11562172186638094,10.769298970636349,38.252964933579385,137.25756511868593,4570.573662642912,1
16.92259310998884,44.837,0.395,1.987,107.73,20.16741831638278,60.66513712238573,1103.0,1
1.038068030867723,46.98736547469957,0.38655159752009693,1.8687451240459905,123.49468319080603,3.594049500019231,45.478621699920915,2337.3077591873603,0
5.997202927983285,73.73865665589246,0.08063717070772715,0.27273774133669293,48.709004998054205,12.559981267410393,195.24401295465563,3535.057112809728,1
2.2946758821912163,47.506272942066225,0.5495042534178849,2.3729153295527596,115.70260798140765,4.474368186529252,60.90443411770582,2356.954854240696,0
2.354764314590888,41.27153187268613,0.3887604148399444,2.0201947824541375,91.46732811562391,3.883529305204073,62.83373964711381,2685.620513061598,0
14.774997020854654,44.837,0.395,1.987,107.73,20.3923831290674,60.88587553489426,1103.0,1
19.402226670298916,65.76697144362953,0.06957147370115643,0.15219321985654108,30.248622742778313,12.59667604278762,128.03958420929098,9598.523053874525,1
2.9708708322469204,41.53838829163906,0.3877372069860043,1.1762431926136374,127.30219513677248,3.4152531800955312,68.34373557503675,2051.5993555060295,0
23.296842997033092,96.92585168704338,0.14283960218000583,0.25991658702841336,47.89266272056962,29.917034668147817,95.5256740360041,7509.854628095291,1
2.9223204654921875,50.233552098699384,0.3454010424915592,0.8090986566025858,99.11740650167766,4.494877260191897,65.45036914806232,2582.19174976903,0
14.57866511834452,44.837,0.395,1.987,107.73,20.38204995127322,59.719297656036936,1103.0,1
19.915462103293223,44.837,0.395,1.987,107.73,20.13112608699822,60.599357748495336,1103.0,1
10.81221337474044,44.837,0.395,1.987,107.73,13.832855991728945,92.73173510302328,1103.0,1
10.62171690600195,44.837,0.395,1.987,107.73,13.789816390547184,147.34605845270377,1103.0,1
6.554947707949556,44.837,0.395,1.987,107.73,8.636858595139248,230.5673915821415,1103.0,1
14.58517921209484,44.837,0.395,1.987,107.73,13.750829400267929,95.39257246985544,1103.0,1
3.4932481670306017,42.679571091684544,0.3564185670190638,1.3613379169854865,94.60584713580805,6.091457604991783,55.3706413880338,1161.8232342745239,0
20.24424116628354,128.96462111155006,0.02880350537045168,0.3000056955677539,47.40277395759443,31.88148262508979,138.7743041585889,9343.879247871308,1
14.936986466266614,44.837,0.395,1.987,107.73,13.863661546427233,85.23908611882392,1103.0,1
2.9853160128169725,36.363174865805924,0.39305166331993735,1.7971769410371605,123.14611624473157,5.7421434601724375,51.92673124283499,2822.640508677613,0
19.45342864326625,44.837,0.395,1.987,107.73,20.06941402940903,66.33806790849202,1103.0,1
18.52126222357897,44.837,0.395,1.987,107.73,13.532803218079588,124.91342696580776,1103.0,1
13.83072149694723,44.837,0.395,1.987,107.73,13.79840601578688,88.00996892976084,1103.0,1
2.96653966044927,49.45591601903822,0.3135982164095974,1.8489716161232441,108.89127216651927,6.080548582725198,50.39351697941135,2033.4396009301327,0
17.88004155805356,44.837,0.395,1.987,107.73,20.348701241147023,58.852715130629406,1103.0,1
8.94701652280585,44.837,0.395,1.987,107.73,8.684015912135804,250.82842461581205,1103.0,1
8.53660365132237,44.837,0.395,1.987,107.73,8.606450388126946,201.8441448706097,1103.0,1
2.87778534886515,50.43427949425353,0.5331104778460662,2.4242576483703497,110.85838554885888,6.420577677970263,63.93275517836097,485.0143087108857,0
20.00321665909202,141.6751066786305,0.14859641057582684,0.1833673377963268,39.891357950438746,22.87450365454189,132.87237368710097,13283.401558432657,1
8.942526300185712,44.837,0.395,1.987,107.73,8.651355633691335,365.0900467551264,1103.0,1
3.489003012881742,41.26126201861642,0.3845831892863628,1.9719347825852003,125.44783121860297,5.075655169653745,54.78814245444573,1237.8655225458713,0
9.514611389890913,44.837,0.395,1.987,107.73,8.585182818202592,114.3534857974436,1103.0,1
17.06426124199009,64.96438414841063,0.10246714285845698,0.37977001261178833,44.53991517984518,16.16180563838855,149.80658329681722,12196.166557255829,1
14.91110436503446,44.837,0.395,1.987,107.73,20.190254139679947,60.54844020793201,1103.0,1
1.6955142031921202,45.46945166688768,0.44052809526029313,0.6860776185668845,104.98450458505884,5.190509704999828,57.578406464502194,2569.469523564967,0
3.0113588834919565,45.531945400617154,0.4190186052137921,1.78676669141761,124.57732987473457,5.0542777729561745,59.52375949720448,2972.0374711972972,0
0.8555078707944547,39.91104396145582,0.3693509876506471,2.3471089468464945,129.73020061691855,3.1571895464846556,64.02519808738481,1115.1721992070297,0
17.332439563305503,60.041731517306495,0.04892553811923803,0.24056709837734042,18.87750004656435,44.49359776049771,105.0916837507537,4564.237560519186,1
18.961410928068034,134.76748781453367,0.04808448365413868,0.12805603707937285,35.626746785160044,16.24889643314583,193.71483902248005,8702.05039227154,1
1.8525181142123963,36.92504677929284,0.5454523596887004,2.1939063642472747,94.98650724813068,6.222946589160803,66.7474090515532,1556.5141713782164,0
9.456662220072,44.837,0.395,1.987,107.73,8.588648457156816,125.56324590046516,1103.0,1
0.6096490035442846,43.025138066869985,0.41945233997878495,0.7248464149138695,121.02110466780042,4.586510921618096,58.1097567331895,1322.2882408146845,0
6.567635922989841,44.837,0.395,1.987,107.73,8.638967399218721,213.97848094781168,1103.0,1
8.390560039148053,44.837,0.395,1.987,107.73,8.642475495167021,200.9145295820824,1103.0,1
1.0259088270729788,46.73008314395132,0.31028010659771693,1.6180726004988544,93.86705798586878,4.576298276903648,63.90408322238115,1042.7145727169461,0
2.7268766944608416,37.85284812598249,0.2861090728629958,0.728449023997528,118.96116755091685,6.250827862407599,55.763395522825924,357.4220159881445,0
8.535099577476895,44.837,0.395,1.987,107.73,8.60460554808997,248.82997834245748,1103.0,1
24.247306329090566,166.2775838193195,0.04055228857433765,0.34682807290969964,41.0994353823894,27.239613891546615,117.73209269736864,9971.62303957911,1
7.116100497130285,133.5258246366305,0.01820578868229295,0.39578025058747535,56.84092448127174,24.877872136271836,149.4276718735225,13936.101794596905,1
19.68636503309984,44.837,0.395,1.987,107.73,20.168345478649076,65.56272504276963,1103.0,1
3.3327994673403016,43.06164168317689,0.508612795296794,2.2046438572166336,102.76401892973023,5.901204159527371,45.925190867887316,1788.809635446159,0
18.64573238754782,44.837,0.395,1.987,107.73,13.524713682047258,90.90162913626014,1103.0,1
12.225670462958592,44.837,0.395,1.987,107.73,13.700070792723698,127.58406909070447,1103.0,1
13.476869856553916,44.837,0.395,1.987,107.73,20.1668383670569,64.61377501085414,1103.0,1
1.6241659115221294,44.34776556719549,0.26517193114726867,1.4096303521092384,123.2945415864398,5.819770818771697,50.60796397133816,678.237213031688,0
0.6729427465970746,40.821615640190124,0.33107430763923495,2.436193033146174,112.30835305000176,4.215469636606777,59.5116900248424,417.5901040370865,0
19.059346919658783,44.837,0.395,1.987,107.73,13.51714477793584,117.68683241439948,1103.0,1
17.910687128210444,74.47165757252127,0.08205680184233666,0.12623395053996564,32.641790607799045,25.64604549956865,84.77737273349047,6287.857193639662,1
2.158121227155636,41.741412593829374,0.28951450857372807,2.2440619419269336,96.29092832718861,4.084257507231847,52.25113829906092,2614.242102572563,0
1.980639741020356,46.93839902253829,0.5478450516997211,0.849829327806165,100.98926102078079,4.3810162645917625,55.545704463470784,1233.0632257966372,0
3.308464322482343,46.83250654347454,0.4210183510268095,0.7846353381644602,114.6002890679668,6.465188475364922,48.5021003809131,1554.9889570912103,0
15.41653539266308,44.837,0.395,1.987,107.73,13.825680720200316,86.22009000509155,1103.0,1
5.338255998432146,168.69555342253764,0.040444501315077416,0.3459031008341378,69.961018028332,18.977231513964067,111.82048894200267,10954.317451615989,1
8.904611351316936,44.837,0.395,1.987,107.73,8.664955995223302,585.8049981592577,1103.0,1
3.1920975973727956,45.58471907117719,0.5420147857494464,1.4835180833002124,123.89551722285495,3.21837924009397,53.3819762519574,201.0496132536299,0
1.2490068582206906,39.47520489080619,0.25019601722838986,2.2542711648384834,121.7037925283654,5.195651272817373,63.75664409847106,456.1457022734754,0
12.333577594059628,103.86467835514529,0.14646847941531152,0.38639990706372074,58.00825496512456,19.974744387033113,88.16447769100036,6802.849652647497,1
2.001078338646682,46.74502760136399,0.4591407417675428,1.8324140178607493,101.0115285380744,3.546722990403177,60.89850817066777,1797.9063484183132,0
18.308930303504034,44.837,0.395,1.987,107.73,20.180712643422016,60.88660427228675,1103.0,1
0.6247368795397813,43.46820904031672,0.45679312363080715,1.0793926614324054,102.31083621172596,5.147732660462843,67.44838233609343,2429.773260908698,0
15.896021705521967,70.70543655153925,0.043459197560732195,0.17162553132580724,22.81257126942048,25.567763103839575,164.48377431099883,5609.435186606832,1
11.196942335065598,65.72428561243619,0.01364031748695617,0.37696712409556865,51.356759273550225,16.194386254434434,122.80678031706876,10109.795926819157,1
2.627181558352749,49.806475103683454,0.4642260796397284,2.1232833578326042,103.57800770171224,5.851887898112793,47.00287115961688,2684.449968181583,0
18.832370538439704,44.837,0.395,1.987,107.73,20.183477414670623,66.24432922082407,1103.0,1
2.4534427546450224,45.555785647133334,0.35571248398289634,2.1987503508610438,108.85148669592658,6.42686728305304,60.85355345739342,378.7942246935082,0
9.305380915716686,156.38807078816478,0.02958639992505252,0.16406124336518543,50.56558204987461,25.3650362533891,191.7853288527824,4068.116818752106,1
0.920973554580545,46.40967704745471,0.4361421355155912,2.0102810556782655,96.79524024202941,3.6824131996510125,67.26023793048321,2249.9333953562123,0
1.2797149377284986,40.868267544401576,0.5252457529395971,1.1519585607756988,108.79953072631747,6.115493980886051,62.69303375668819,186.60967849410827,0
1.5350505197736983,35.93045601772476,0.3112726319105287,1.3955207723226,98.78539714378276,3.000794633763894,67.87503844368818,2531.6382336927873,0
2.512196935717502,44.52749072666748,0.2832968407640443,1.4494055332322082,108.41433084807704,6.025972633329345,58.666205504694716,1141.2016469112289,0
18.573672066547747,44.837,0.395,1.987,107.73,13.542622089157168,140.12920983073798,1103.0,1
9.380062175037253,44.837,0.395,1.987,107.73,8.609345559452851,240.5919037294882,1103.0,1
18.108719568813225,84.14844430270205,0.12966044807915963,0.19281056862400386,51.64789923857421,12.532113330283092,124.71885558729767,7220.517815505699,1
1.043448048604041,46.57900351740471,0.3044315043086881,1.5978104289674142,118.3618504688973,3.3740692308316036,59.182805490722586,769.6883511040913,0
17.40002666954817,97.52787430640713,0.12838877843869467,0.2304034444949411,21.570376536534738,18.306485548807785,172.25170168653926,6187.051179688318,1
2.8418951522766713,44.9241372687399,0.5356665357092785,0.6806023665930943,100.61304550221868,5.105438577549384,52.41399780514827,2143.2724922137268,0
12.432424032153971,44.837,0.395,1.987,107.73,13.82225978134985,92.1149064324084,1103.0,1
2.5541935176616377,37.76448796886315,0.5232781553481528,2.162820761554021,127.99199653167696,5.54001827935926,60.33537989839475,1254.7291088718566,0
15.427491142658836,44.837,0.395,1.987,107.73,13.827740906962278,84.1766568572052,1103.0,1
1.2778902765973212,42.3041658165619,0.5118190751453806,2.199673776904436,97.4440567138511,5.809251584284986,56.45467216844732,1448.9066162560657,0
13.754336498670828,89.59426649391358,0.08372567758356611,0.20410070062366,65.97206140759798,42.44728960691788,140.28461839665147,6934.607928219102,1
12.09219348235218,44.837,0.395,1.987,107.73,13.706320661684208,201.6992438565948,1103.0,1
23.294986574553207,75.86877237930865,0.018173319189147812,0.1256225448424796,64.56661984219787,18.389585723250207,129.95419142532256,8386.216387824035,1
9.708530170730496,44.837,0.395,1.987,107.73,8.550496368686021,242.5320256385116,1103.0,1
3.009326577409609,44.33146373788122,0.3067587377171065,1.9687295973142467,110.44454553958002,5.11509543784112,56.522458455164546,2486.126951454019,0
17.227334286308444,44.837,0.395,1.987,107.73,20.31534282464156,60.52781866803998,1103.0,1
9.514158616041003,44.837,0.395,1.987,107.73,8.57690142162645,231.91104585633627,1103.0,1
3.463356560644662,37.31947579346446,0.45854336621427816,1.3682056593981549,107.1279845970246,5.511592179803617,62.31090378310924,2973.767981106565,0
6.572067808827054,44.837,0.395,1.987,107.73,8.642110050301621,111.7433960163154,1103.0,1
8.538238431695177,44.837,0.395,1.987,107.73,8.591695446375962,160.97507358074623,1103.0,1
2.9663094818006766,41.46714012762856,0.48268355527759826,2.432505642411542,98.15065836510756,4.8316537091815945,52.17844895211439,2378.563257101518,0
1.7794992417255835,45.4621532569542,0.27447247768340977,0.7667976504105039,96.87317841430634,4.813271243141207,50.34986696745784,849.853210477732,0
1.7484619945392845,43.1828505778005,0.255757683046917,1.0936450966155649,120.4115929248854,3.4798839700514965,58.382753286314795,645.6056160517126,0
11.490132983378947,173.14030609311087,0.04240010408117385,0.23826062058089562,50.278265413856786,17.352051289459954,138.37308645702495,11862.468473710891,1
3.321375753058743,51.216785809043984,0.5244593170661346,1.3033015304853444,90.6182646611547,6.249114969057039,55.70460370793286,2899.9644571310087,0
1.6287787565927472,36.419512183877366,0.48314407477823107,1.6609680744980295,106.96888036987906,6.1722403478315755,47.77993705765378,1477.8753128725775,0
10.335890988676617,118.24072501829923,0.11665918651016896,0.35749688166365745,60.69184512463051,23.869293520361236,162.46812121528194,6754.01037029064,1
12.267555233784286,44.837,0.395,1.987,107.73,13.688492139857988,209.12737239490104,1103.0,1
6.497916840039675,68.2700441934334,0.12562087794281618,0.1719459856619771,21.697496289917833,28.662077891254594,172.24965576350155,3743.358222947855,1
13.697315645470873,44.837,0.395,1.987,107.73,20.246958690559705,59.53445386539787,1103.0,1
3.205322085638686,38.45903662245913,0.27009208360758147,2.2669658609523933,105.57619755915502,4.896163374936472,69.20164530126897,199.69418374266857,0
1.7424232046469985,51.285079618744334,0.41233414746365343,1.7496700852270228,98.81950557658998,5.189777762995467,59.2901912370736,554.5151938410748,0
9.912297958256406,44.837,0.395,1.987,107.73,8.620923472218884,138.88939653139423,1103.0,1
17.96595054597603,118.88672768404976,0.06682767217397417,0.39009055438549467,44.27195103777482,40.49324206704969,96.73402834461922,9830.477557553131,1
17.59367190518406,107.02011830076972,0.0249807770245905,0.3958530391851085,59.25094055578773,21.28875098088034,88.40824348654273,3679.5066885306965,1
7.877523107795604,56.07737532397253,0.0029959398867042187,0.2759805212213682,37.32369431487645,29.094506513981152,80.89557685006633,8072.239435889109,1
1.3273027047540709,49.91053987730921,0.5332126281476194,0.8827123418697197,108.50702420261574,6.433455823569398,57.085185899328664,2590.6425675436353,0
9.923375146102044,44.837,0.395,1.987,107.73,8.59351690845791,278.53667144668947,1103.0,1
16.347091383637295,44.837,0.395,1.987,107.73,20.353319492579654,58.87416191615255,1103.0,1
1.2244894557706036,35.68596405661489,0.37335745539837584,0.8471532726749992,90.8970355664822,4.261493894995201,64.59345627688091,1698.5420736752126,0
9.96362900759891,44.837,0.395,1.987,107.73,8.586336803345782,163.65322336701558,1103.0,1
2.017666036653398,45.39472200238902,0.25543305514625214,2.257035426993888,127.28473129934449,4.977966142562231,62.4162705969223,2767.498143531887,0
13.007132536796613,173.39411700079432,0.06096940769281083,0.331550810569033,39.03263587385554,41.61856677522877,188.93134923802143,4049.001694453006,1
2.988183994576541,39.78586037305381,0.5118261518698384,0.8139027417826803,118.14743909843183,4.892444668257186,47.41336175488602,725.681484776517,0
16.006536503115633,44.837,0.395,1.987,107.73,20.20659246441959,60.1966357433913,1103.0,1
1.438333967631062,46.12381409337623,0.31960545409264324,0.6273247475369615,120.57413545745709,5.183100797024032,64.057565612524,116.81405006299683,0
9.01725629836443,44.837,0.395,1.987,107.73,8.577603981371162,185.34394228372105,1103.0,1
17.569686399968393,44.837,0.395,1.987,107.73,20.04582360637756,67.90850935084715,1103.0,1
12.05353117452749,44.837,0.395,1.987,107.73,13.715591086885295,212.6013831057001,1103.0,1
19.9483753436094,44.837,0.395,1.987,107.73,20.198721541920108,60.86871786516322,1103.0,1
2.310911601678125,36.30865094010443,0.2726750841562201,2.407704119606575,101.89163161229334,3.322234451288664,59.97611467875954,1870.9463348707984,0
0.5017938165043859,40.23292555044402,0.3223495642923286,1.0437779860303609,92.72746479061851,3.654934946436756,58.8887392471405,874.0832185132334,0
13.486095287154644,44.837,0.395,1.987,107.73,13.744356023520076,81.26651811694828,1103.0,1
9.24474023167743,44.837,0.395,1.987,107.73,8.266168622665921,162.85755053460048,1103.0,1
20.801664999428755,132.03634354426808,0.006729083644157551,0.28676409713868456,28.535063370625963,24.16793013053792,172.3677701956256,12731.222312071328,1
2.6793851453390145,51.86076917293918,0.2797534298761648,1.3628392001364475,122.00283874796638,3.714124721201146,58.87712373255715,2199.2138880890243,0
14.903810799771897,44.837,0.395,1.987,107.73,20.246543175184943,59.13871893318685,1103.0,1
14.526758503943938,44.837,0.395,1.987,107.73,13.739129768201828,99.07821550983272,1103.0,1
10.609101295201107,74.96868252924303,0.024609538239800277,0.18555597880301436,57.57040271641163,41.889974091002784,197.01046036492176,5787.475849157432,1
3.430400985531978,36.882250086547366,0.37676452849358344,0.6798468828256701,119.59616483067721,6.213267932697027,52.00093323876224,2575.0250303973626,0
18.133742685652464,44.837,0.395,1.987,107.73,20.088423363991225,68.02099689307063,1103.0,1
3.476474044469938,49.47422428166663,0.31255315430720076,2.3681309078234407,94.65465591541904,5.861073979719171,54.515582336914505,2633.9229613352086,0
1.4758854020690935,47.114562662674714,0.4950338399516908,0.945066538737545,104.8376403263106,6.156790688622025,65.16733799236849,2954.5752082874274,0
10.889047259259067,44.837,0.395,1.987,107.73,13.747787666870838,96.50062500967196,1103.0,1
2.2159876348507783,48.69234959809977,0.4780482789370477,0.89240981891817,95.96997878965895,3.9386102871071964,54.02686815852593,1225.3667442254477,0
3.3865176454236257,41.37279985190297,0.3357136258845582,2.2503383435599744,98.9438335407781,6.37127888804214,45.30386186724541,2909.636480122917,0
13.160809232056332,78.90967137967463,0.07756768962853793,0.37242510611795643,58.262464848262034,14.172384830984075,163.10873600930984,9862.770269507444,1
1.0380940460366315,51.50150127196565,0.28399105141823927,1.3668419044870233,119.51539939338424,5.465940498096058,55.56821592234831,1039.5725038581547,0
1.1603339777142594,40.95884908286475,0.36175998212786525,0.7305559876755259,104.78296797707092,4.624834819087287,63.06844380597012,1970.188454164824,0
8.92938411968794,44.837,0.395,1.987,107.73,8.657869852762119,232.23431140407496,1103.0,1
10.70160715632476,44.837,0.395,1.987,107.73,8.57097778109269,302.5303531952143,1103.0,1
15.172798712140503,44.837,0.395,1.987,107.73,13.741090910844758,72.77864292715653,1103.0,1
20.270316873364244,68.5853174218365,0.14718863660869153,0.21448494973274052,56.51407233394336,23.30550573276735,155.32026525905704,5304.193016880441,1
10.08987256645755,44.837,0.395,1.987,107.73,8.59124802490378,165.2414421309648,1103.0,1
13.753244371298916,44.837,0.395,1.987,107.73,13.79773318933724,91.11023047961618,1103.0,1
8.996692725231243,44.837,0.395,1.987,107.73,8.27786189239307,185.18327443681392,1103.0,1
10.945136050807651,44.837,0.395,1.987,107.73,8.487272740371846,136.13497439947125,1103.0,1
10.790389257891787,44.837,0.395,1.987,107.73,13.801218900016169,148.2642753689501,1103.0,1
17.585949391681698,44.837,0.395,1.987,107.73,20.15808549180064,59.759631035775705,1103.0,1
3.4540092185735247,50.93559713045102,0.2629521207391035,0.9131481498859305,95.26915093818248,5.540929684948534,65.44463324642362,640.5340989320157,0
0.9932165872366362,36.981912267446845,0.4140087046216391,2.3145847632435963,103.75830746230741,5.565500375279181,61.46653387349417,2794.664742928443,0
2.371577974029719,42.680050538532896,0.42598253895264226,0.9192269947152405,119.47494979776728,6.0197897714013,50.41849500226939,287.1436665604852,0
6.6953230885266635,155.9532336953719,0.11572100172894095,0.3745416461214689,61.27092615464497,34.544793586914,86.27994287607955,12394.18341583989,1
2.8675137158220148,43.473517381793975,0.2760760864262271,1.6205024294552408,113.47364472083517,5.609038159645155,55.791488655741986,382.7409083866913,0
13.721409604386253,74.61282801826502,0.14213476894860644,0.330054669345332,26.097232025666358,31.49654960609122,166.57389885314865,14295.347146881575,1
1.8098425693062983,44.86151018938073,0.40500951556788034,2.041674882138918,101.29984263891409,4.235676370601058,67.35235756333127,2839.3695394512165,0
10.86880339497312,44.837,0.395,1.987,107.73,8.504160692093217,199.47105096519803,1103.0,1
0.7983241782780355,39.13392724699072,0.46668007955669777,2.225823289401943,123.20879458267967,4.390142353664592,61.702128414266156,614.952886247463,0
9.879906047049445,175.8417784418885,0.14372071797067443,0.17428949292143164,30.88311732863923,41.5533394488382,195.99466650753288,8321.269234032528,1
15.873757419335496,44.837,0.395,1.987,107.73,13.727821215003202,84.77106187106827,1103.0,1
14.803162180294205,44.837,0.395,1.987,107.73,13.767487663014164,107.0960144551301,1103.0,1
19.58480498195136,164.34338418612185,0.14080789529667945,0.3415280130398579,61.03481183839597,30.16799492045985,179.10658717121777,6642.046909775427,1
23.538151242917284,175.25731236766893,0.07634385606330713,0.23584744158529805,26.721658955711547,43.64277181528353,97.13771653674408,9957.954912572699,1
25.58466640941596,44.837,0.395,1.987,107.73,20.16840442636246,60.17215307055577,1103.0,1
14.24532958380544,44.837,0.395,1.987,107.73,20.31923364717532,60.07059340027415,1103.0,1
11.6975658027397,126.3567420348452,0.13643930866664164,0.10185514679226901,58.641014220255514,43.29619524203433,90.95908812002685,4937.372232395052,1
1.9252696186003042,50.68138282215412,0.2718204843336005,1.1331415451520401,103.99751414282856,5.7384903427447576,69.81286550404928,722.0115442714592,0
2.770190501205704,42.5189946926693,0.4622191000098783,1.339537896214398,99.15501849933996,5.088981569107158,68.20455245284879,2787.4185600463884,0
8.95153280040838,44.837,0.395,1.987,107.73,8.645708144241146,326.40606101452164,1103.0,1
17.986400118742903,44.837,0.395,1.987,107.73,20.13537922311741,67.1874523485665,1103.0,1
1.9307003194039098,47.211629981324066,0.32420209474572503,1.8171688487428859,116.66401916186477,3.5694491033299807,59.12713281131891,2314.8807329358233,0
21.711434101812973,60.45761608912606,0.035494969720501326,0.3669246970886141,10.549933011028989,18.646170392198286,195.08290111675592,10360.822158266054,1
14.438050211290461,116.28906117622853,0.1270177502804618,0.34958246250641567,34.21119954641267,22.998895375727326,139.0313628846955,9873.27011684531,1
15.992554065630436,44.837,0.395,1.987,107.73,13.735686865932925,78.53417826925161,1103.0,1
3.4739837046926616,44.25619965760447,0.5388305050759619,0.7436495771718264,104.62722993045486,3.7888344380236805,49.89582710335675,422.4088466780282,0
6.611636949996974,44.837,0.395,1.987,107.73,8.635898571491131,125.39937449303495,1103.0,1
0.7081822577125502,36.52790647951473,0.4302736016977259,1.2478212857275608,126.69072266310722,4.423066880758153,48.58203646756603,2144.156500506108,0
8.383862876955163,44.837,0.395,1.987,107.73,8.641307442513195,189.2448959701256,1103.0,1
13.03752542473479,139.21952872301122,0.06755255786711892,0.32468894525811964,31.418945768119833,32.946556656432975,102.37037658247695,11992.433239739483,1
13.891470021388571,147.79624213622273,0.03424968785529162,0.11753739617106311,27.995763848383973,27.6521859406582,100.16240626312143,7257.5674758766645,1
13.045208273670841,61.403037050539155,0.07447731333459072,0.13699554732258767,34.058219601301104,23.57342300373878,172.7408100111804,12638.046139592774,1
13.24046342642836,44.837,0.395,1.987,107.73,20.25020392388171,64.03173208644434,1103.0,1
9.630276166266444,44.837,0.395,1.987,107.73,8.647084672399737,217.7985411475319,1103.0,1
1.8917974600650087,51.52409060373613,0.43255818180894,1.2640621069649556,94.56383139551734,3.529363900572271,50.63292324878088,752.899984020894,0
3.4369433455244267,45.259382632737434,0.35734422523406467,1.8308531473820038,94.9168271386155,6.110306780928895,57.577098769495905,1348.0492261189263,0
6.622588451143947,44.837,0.395,1.987,107.73,8.638190494693752,153.11816379973908,1103.0,1
9.700332331425734,44.837,0.395,1.987,107.73,8.554167304641851,306.06786136340713,1103.0,1
2.216368891166619,38.07334755956045,0.33063928450905944,0.977424696105071,99.87428110382932,4.072454072728627,58.87834466882971,1763.9748883914983,0
12.362449375691568,44.837,0.395,1.987,107.73,20.21473606376461,65.04557714958356,1103.0,1
11.345183487137351,150.7880088898625,0.07469228888733957,0.19301020720373502,58.7180645434481,40.616020983037025,160.76097995464124,3563.5730688920075,1
1.5442867795048643,41.31956801340762,0.25040608771464046,1.1696210023739482,115.85834966551722,6.40968055335725,66.17652067459748,70.78489393658738,0
15.86316884915932,44.837,0.395,1.987,107.73,13.817361543474425,91.52577672731348,1103.0,1
2.808478799575811,38.1797437254779,0.3471037709212731,1.4083292333711919,110.3044151473782,3.848434063452781,47.870920618480085,1831.8601273248978,0
16.715565418620955,128.3459884805739,0.06685947313543038,0.35083558466351283,25.898023693326582,26.804875523385228,144.52305543091657,10963.496649207595,1
2.9108106063246053,43.58851515080285,0.5401379845777512,1.3937458606226893,129.3644127614599,5.337719995812694,60.86678183134853,497.864685887355,0
1.1572064273055733,35.62426316251396,0.2824077262392074,1.243835233743628,122.10342718319251,5.002170251792553,57.81669314891041,880.4664696243649,0
7.6202923730093115,130.11964937468716,0.005144685195496751,0.2492698250166178,19.290560897213645,18.036456556748796,123.80570800311219,8189.2460005980365,1
15.03163279609531,44.837,0.395,1.987,107.73,20.272761501719145,60.44537088804025,1103.0,1
9.48236172530991,44.837,0.395,1.987,107.73,8.622557922257798,216.36505468026124,1103.0,1
18.333194178133382,44.837,0.395,1.987,107.73,20.08442397626066,66.51129789550218,1103.0,1
2.8887243516241057,39.62308267011363,0.45770767673831747,1.1017177709180657,127.56273917801167,5.22730998536681,53.11279500438355,808.5355868768179,0
18.09924067320145,44.837,0.395,1.987,107.73,20.095164168588845,64.58973705691068,1103.0,1
1.6276648554373079,41.7060967356906,0.387834030521796,2.091531433290408,125.68338755760938,6.343671402763749,64.67258465638238,946.2206872440382,0
1.764273651777494,50.17541908830857,0.4952330685215323,1.2494529682259643,100.3769373372517,4.328923428585434,59.75737356287019,804.1909224686287,0
19.595838701447807,44.837,0.395,1.987,107.73,20.28191913864362,60.86145837847177,1103.0,1
17.362059311233935,118.68860915302524,0.08186245196691534,0.20782714804924515,14.888433862776512,18.380194709197724,194.08936558552062,7904.394747251207,1
1.0092737152626223,43.8361571254523,0.3511009529293859,2.174878395176958,107.23550094647223,3.8704999540567044,60.42862466510075,2120.3316506563374,0
2.264001390288885,41.002749111952625,0.489935009333735,1.6539053470978975,123.03729234200065,5.2101057740405725,64.61013683031993,1795.6889796532798,0
6.546071334473403,44.837,0.395,1.987,107.73,8.645601550797045,169.5013734773802,1103.0,1
11.634602463671644,44.837,0.395,1.987,107.73,8.56328954788813,212.6986448968395,1103.0,1
1.3545214831324028,35.62707810502706,0.4328693001939691,1.5550901441348368,92.05915004999957,3.97526262482814,67.70664714916634,718.6856720009173,0
14.760532235350915,44.837,0.395,1.987,107.73,13.770951894911017,92.76478664671288,1103.0,1
1.2631747425255409,41.15150258448736,0.39174800650195407,0.6867326164545291,95.6009639021327,3.96885007726957,69.28831727252627,994.0410213091523,0
10.62118028844297,44.837,0.395,1.987,107.73,13.803422159758757,148.07505887937498,1103.0,1
24.308972692012425,169.47679352384299,0.07543132800983773,0.33853308475801747,18.144751185994064,44.255460078732405,195.72238808431837,4964.747494550052,1
8.686214455997765,44.837,0.395,1.987,107.73,8.63713797265708,172.6672539653003,1103.0,1
3.3908599312677588,49.50116074294512,0.3383346676208757,1.331685684343658,124.04546686067428,4.109227018046972,49.23731866715231,1670.4037873750506,0
0.9843735021927202,43.019577237813465,0.416041532862955,1.6835451835896418,98.40428771649407,5.597949872883004,45.62997737052674,1064.495566629488,0
1.5382991796133565,51.58537341461855,0.4422916232035996,2.1627130709052858,95.30098690967394,6.017050687954179,68.06892976283486,1461.1857564568077,0
13.480171530632964,44.837,0.395,1.987,107.73,13.750413582297648,79.83590809249158,1103.0,1
14.446156271261849,44.837,0.395,1.987,107.73,13.72852917810914,87.56052532607615,1103.0,1
9.910942487037044,44.837,0.395,1.987,107.73,8.575444114241309,220.1104525488932,1103.0,1
1.525715834316471,43.97051692576881,0.31349076957095834,2.4916991080478783,129.24471631471744,5.273281253976066,65.11035149193684,2145.3004838511,0
18.49380203938662,44.837,0.395,1.987,107.73,13.536969998864295,109.34018886535898,1103.0,1
6.532058018772472,44.837,0.395,1.987,107.73,8.634308582381816,213.1598812145471,1103.0,1
9.51725940843322,44.837,0.395,1.987,107.73,8.596071990690659,221.36919934987893,1103.0,1
1.6405868563575712,41.77998727524731,0.4240517107681997,1.6138448387810689,114.31620371173778,5.677091415397449,65.32464346790233,2154.369228679483,0
12.570969804128223,44.837,0.395,1.987,107.73,13.795302489570703,89.7612821170595,1103.0,1
18.404580915317908,44.837,0.395,1.987,107.73,13.524960655658433,80.02453127780079,1103.0,1
1.5758647458607742,50.492766231336724,0.25628023534801997,1.1999689873740422,92.27525591110586,5.682845606775695,62.552686352844816,994.0566562089512,0
13.791258835457974,118.80751641830517,0.0388188612546786,0.19493713926232487,15.218021215355984,22.006252866860265,195.9870127256653,14336.488580069781,1
12.14175254331361,44.837,0.395,1.987,107.73,13.691240707231788,189.9062439285344,1103.0,1
12.207731925484172,44.837,0.395,1.987,107.73,13.758051187292208,252.8727229913697,1103.0,1
0.8053474178612112,37.59860536613365,0.3237873185153525,0.9052946091931557,97.46268096205223,3.9978330904284647,49.33433988236887,2690.2962738792753,0
7.140582684220762,152.58741302145359,0.13652941862170445,0.2148500184305306,47.83811769898483,26.194710159195267,132.53180659857543,6724.450669297441,1
2.705213131411657,48.65917581654243,0.33461037177139197,0.9371351331814733,120.02459006563433,5.823921587435424,69.76262855001683,1237.8530307342794,0
9.147288635521756,44.837,0.395,1.987,107.73,8.272901256277594,284.0463684357642,1103.0,1
3.1058695038668325,48.20214649745961,0.4812765533932156,2.2050881334220866,120.44095963771996,5.191771125709954,48.28112194205969,97.57853847375574,0
1.5639986149552485,44.36127745049448,0.37096232683997565,2.1839236199028274,122.58684018839958,5.141408570361275,54.33644862831763,766.0091212897324,0
13.980755207399234,112.41296102663422,0.011545377451202604,0.3012295076329108,59.27556522237073,20.07361680195553,130.55610579600375,13066.072041183244,1
11.990956446965937,44.837,0.395,1.987,107.73,13.672494175803632,169.5101866310085,1103.0,1
8.25225187040004,44.837,0.395,1.987,107.73,8.674935173063105,120.71010455634126,1103.0,1
16.288331755594953,130.072899623392,0.024938299552455096,0.21392122144649464,47.031653627018,44.004022532914895,167.31573652396264,14071.245085127493,1
8.636353056746774,108.79331654652506,0.024824966199548344,0.31198123869826533,42.120866083699404,32.9656704413746,103.57843603474534,5540.950344629035,1
20.67943701011179,104.350910359782,0.0969070416144894,0.14518328592055574,65.95888603254872,24.640940611893114,167.54257063717262,3244.0929825861317,1
0.7580964710988296,35.969457538061526,0.2816450282383107,1.7126165993579638,111.77379550537285,3.8180927721286047,60.94435354613979,2460.2025061669483,0
1.9665397407707605,46.33669237828377,0.2918953764268939,0.656949820758088,102.31719766364763,5.466382669578263,50.04633630307371,2020.297299974752,0
6.558764743447936,44.837,0.395,1.987,107.73,8.642187030944001,177.16957947131834,1103.0,1
23.176529954337248,150.05000841093533,0.10145975533650091,0.19028989588948653,21.04268632301281,36.96288590363409,136.89895350548954,5709.474625807549,1
0.6010292116233921,49.94615813422121,0.32301900496555913,1.658940622188715,91.55917282644522,5.333965869569804,53.075683643852344,2693.7575608729976,0
13.734907469912349,44.837,0.395,1.987,107.73,20.219313828205628,65.18605364377493,1103.0,1
11.712184884818026,150.63832395414136,0.06491506225622905,0.24525534949677907,48.88612763566429,12.605826671974391,158.4793065704298,10423.021788865384,1
2.0675305432567654,35.92878514001653,0.5419234488917,1.0296381293743766,102.16794878545123,4.063798792892595,50.76041655293375,4.421466258934248,0
11.795026252179644,44.837,0.395,1.987,107.73,8.560559226025443,168.99133438354795,1103.0,1
8.979622094747366,44.837,0.395,1.987,107.73,8.593410347184696,294.6272633439537,1103.0,1
2.0018107134641228,46.55354565649684,0.27287176539206937,1.1219372485909949,122.27861963535975,4.608827046409314,58.66442855080737,1298.4480066284077,0
7.476920534116349,63.81695469911957,0.13641442555288147,0.1570386298956117,59.275009273582256,29.97281874653548,89.34278235305236,14465.37829725681,1
0.9879824453164554,47.484216500367715,0.312649280648377,0.7112740800406143,112.09464551268937,5.083304064517906,66.79782653201264,1730.9448372530455,0
12.74083747841344,44.837,0.395,1.987,107.73,19.892823813622364,65.18020320409028,1103.0,1
10.621384758370535,44.837,0.395,1.987,107.73,8.621375511631488,203.90728663845837,1103.0,1
1.7521843469874439,41.406736965902205,0.5127714774999684,2.3200680981199793,109.7182788662344,4.155545826104616,47.67001760005909,2860.208638146285,0
9.84948351466374,44.837,0.395,1.987,107.73,8.595241560008887,177.1595480598864,1103.0,1
13.209974273947587,171.6491146311273,0.09561037218138324,0.34054776996265457,37.98247567027291,23.934980745436413,93.00804472599472,13511.19626623446,1
2.8658448940172194,43.793573959507356,0.3820596993866472,0.8801598007419394,103.12771014437246,4.519067781608563,47.21501074199043,661.8358581336338,0
17.67696425211705,44.837,0.395,1.987,107.73,13.73819722519142,68.16160679664017,1103.0,1
19.08831099934346,44.837,0.395,1.987,107.73,20.171430140505414,64.02103784339717,1103.0,1
17.872109625269164,44.837,0.395,1.987,107.73,13.726860705040473,83.3063589982776,1103.0,1
11.916722376639257,44.837,0.395,1.987,107.73,13.646102849228384,151.6999405064672,1103.0,1
2.7825539927923453,38.19128089676828,0.27651548409535565,1.9280027741260324,104.73388855177406,4.513211792411715,45.77872731983478,778.7293478251476,0
16.713086708575986,56.06194732590119,0.1141508974424333,0.3139042875585223,31.97718317239133,13.746885873771003,170.59190477420606,14462.10192573759,1
11.8492773970102,44.837,0.395,1.987,107.73,13.651945288369454,183.04666214265583,1103.0,1
2.361981439473752,38.422305832981365,0.3685413229792956,0.6749731124927086,109.02184149947307,4.900586043851821,50.69374340258024,2892.086541496541,0
20.445351136750116,64.44088575323586,0.12413718262210531,0.22830072574725074,45.763835866035706,14.958523630777407,120.48308940287356,4076.4110281781495,1
2.0450169791291692,44.104414852954434,0.3570657925513331,1.2721994015992284,123.14222391624325,5.7625249691189,52.69489579201864,2741.365331619778,0
1.0857218088694762,40.87081318816309,0.3506831362809528,2.459198389939367,124.26148894991707,5.4540945155659095,63.17641904038476,1686.2183832077133,0
2.354654189948783,36.71908549408744,0.27523204183449923,1.931841349772328,92.91052025456774,5.8765102075162465,62.65605567891241,244.0463419256993,0
13.959433127643798,105.6839595413023,0.14761341959497712,0.1876746870218164,27.689034300806014,23.700090891344043,147.75128975483858,6027.872931164942,1
3.3350721937417065,46.60318813904167,0.3494850547323502,1.5511007031185793,115.82900173404215,4.786996430549762,47.99882354327425,936.192133956062,0
2.2318370876993936,49.71481147561739,0.5442218030750289,1.374409996290252,123.10075688425212,5.675847281291512,59.338223786389335,2868.1414308357994,0
18.67040533984084,44.837,0.395,1.987,107.73,13.503032577212032,136.2420932452548,1103.0,1
1.127178121120538,36.43970181188022,0.39000793626532254,1.5160509879476995,123.63634841611628,3.774335437561224,54.524781841709995,2425.217216681073,0
2.4319986297170475,41.94848090866764,0.25761590669810347,0.8966899349957617,118.6388891538959,5.30623379668553,45.67739981258709,665.9164857988483,0
3.3844769737223364,46.353754413913826,0.5299615263277919,1.1044431741152374,114.45854444902643,5.3747498890242325,52.93874250643971,2544.32770504689,0
18.102900762268664,44.837,0.395,1.987,107.73,19.96859705593872,66.84120206704532,1103.0,1
2.621715902940196,37.59316372954244,0.422886508050044,1.752758588127426,106.96522685209544,5.57755482468653,68.35917536922537,2776.705538720329,0
0.6984955665033213,35.3256432543713,0.498057568291826,1.596997711556721,121.00976207339798,3.8204896000403012,53.62709363783084,90.31161663395682,0
18.690588303315412,44.837,0.395,1.987,107.73,20.23121299330492,67.29107379766877,1103.0,1
20.654913485027734,172.1851465498881,0.10378910448998879,0.14675546096543304,24.606557005924643,39.79239311881278,105.11672910010503,3870.267803453777,1
3.145783274913932,42.267324694650455,0.29867002173474383,0.6239542879539421,112.3902273455353,4.845898677429367,62.983840559228966,2670.7741590534065,0
8.252515377028276,44.837,0.395,1.987,107.73,8.667909296002916,211.1969345218021,1103.0,1
1.5295020595179747,47.39594928834062,0.44568749457758194,2.206648289680823,117.69971306676901,4.504758770865518,61.82416555986081,826.1435227662556,0
7.950449032511704,44.837,0.395,1.987,107.73,8.396043300383251,276.48601154839025,1103.0,1
6.006458658693279,62.86343450225299,0.028102018699018332,0.10974123150752449,54.60117373420074,35.86990003180078,96.32674813179716,13032.946809543371,1
19.348867577505757,44.837,0.395,1.987,107.73,20.16867551401631,64.40918590951162,1103.0,1
11.64987372640439,44.837,0.395,1.987,107.73,13.49513303727998,98.19910876707404,1103.0,1
2.698097151770841,41.876965554755785,0.2705059600929876,2.0891437007198035,101.43033298370824,4.514684078597419,62.13609708054754,997.368471446136,0
1.9461231743362477,38.333661116552676,0.4332340213227305,1.1332981094803511,98.27970313753707,4.808004199560926,45.13764497901052,22.992097947675983,0
14.186920203456454,157.24543679364422,0.1394882644718497,0.26352502385796706,49.68797231941911,41.80802953388417,91.82562216955309,5784.942934393981,1
20.77827925931734,84.21130610317044,0.09588027440849398,0.1707047603727655,52.81961698672923,40.831375140504704,95.2162158952112,13399.148263146042,1
1.2490040265775577,43.320224381933386,0.3163628325458807,2.476569215193629,127.76237358746454,3.137993839789771,62.63937931289221,2775.7449522469974,0
1.5807017564012837,39.59668586853694,0.5028135706481665,1.1953610434117719,121.55729887104029,6.121552506837571,55.84543548941324,2729.829431563176,0
1.868709526866626,41.27390136993558,0.28630750014555795,1.396000801356203,120.04712191233672,3.248526825866394,47.004500352047586,1064.3138755079526,0
15.29240123020587,44.837,0.395,1.987,107.73,13.754766282434035,88.81616477361723,1103.0,1
15.00044658658808,44.837,0.395,1.987,107.73,13.912525526183073,86.84897756410632,1103.0,1
2.389461963304123,41.85458076412499,0.4757193646911364,1.6094586348667708,117.09752284913178,4.4996026634707835,63.287411601078475,2473.4145528136473,0
1.67737455868844,47.82250454689939,0.5255279296436226,2.406764329554842,113.08490344153283,4.24992405755176,64.68872714646949,753.0041497869008,0
3.237090036850073,38.58125721309633,0.43688997506904487,1.7999644181757888,119.32452089661123,3.460486897945409,62.895624117052215,2727.097561996923,0
18.177908529166555,44.837,0.395,1.987,107.73,13.538474699938948,115.77574425728125,1103.0,1
13.413447889356096,44.837,0.395,1.987,107.73,20.249553561192865,61.113688577844975,1103.0,1
18.82455006925446,44.837,0.395,1.987,107.73,20.16034936026735,65.92031289732184,1103.0,1
3.104170070322351,48.70073180199956,0.48700913089211845,1.1788903642862776,93.23677132205009,4.410430625678066,49.33811287466272,2084.853266707385,0
18.306108670613604,44.837,0.395,1.987,107.73,20.207989530733013,58.45584355460662,1103.0,1
2.2493906572987505,47.41376920187324,0.35944674106233965,1.8178345033876395,108.64726364510227,3.664776477601463,62.543456846931434,1669.393912046466,0
3.1662442396069315,51.246075469905804,0.5086382851796352,2.1380805419772684,116.20967922556088,4.928000797131988,47.174668997785254,1225.3596392120962,0
6.552000044474679,44.837,0.395,1.987,107.73,8.629626900684151,144.70402328391984,1103.0,1
11.078210868833974,44.837,0.395,1.987,107.73,13.9477492519977,92.94028847318825,1103.0,1
14.697390887842095,44.837,0.395,1.987,107.73,20.34575110092877,59.35292978493041,1103.0,1
10.852215098370309,44.837,0.395,1.987,107.73,8.590566555121729,138.11271297626337,1103.0,1
0.61,44.837,0.395,1.987,107.73,8.601176045939155,251.1150652397897,1103.0,1
8.495050838734088,44.837,0.395,1.987,107.73,8.677012445198924,214.4173179950734,1103.0,1
13.336572095033493,44.837,0.395,1.987,107.73,20.162812969578766,64.67948902560116,1103.0,1
0.8851828683623757,36.76986403953083,0.4673016451386224,1.6989351423121772,100.96642666239224,3.277967791461453,47.14145623991077,2682.5726239923547,0
11.924761651191872,44.837,0.395,1.987,107.73,13.648225532788176,173.860587137821,1103.0,1
5.50697208527877,141.2558610511812,0.04741519673204558,0.11672225607623253,46.58876569288702,19.946525930414715,126.4168690462256,3966.9697474381633,1
19.26494017571512,44.837,0.395,1.987,107.73,20.08244866320302,64.4760725367567,1103.0,1
11.14129270578027,44.837,0.395,1.987,107.73,13.046915364849353,80.51642876092502,1103.0,1
9.969374632166035,44.837,0.395,1.987,107.73,8.560583736474454,114.8795751475088,1103.0,1
3.0893102776267805,45.59606815606848,0.34926940745579477,0.7207608655434449,102.4392928686265,4.138141627093614,63.2401544584516,1912.6724140656393,0
2.8395361854534307,36.81867086005829,0.47830837075060845,1.6284064994846092,128.51968015435978,4.196552581135402,60.8155473283487,2796.0843165300525,0
17.90416012603349,44.837,0.395,1.987,107.73,20.24848760369084,59.52893514500345,1103.0,1
2.052339055265124,42.317265975456834,0.3450839763373358,1.4257323256315524,120.95518622920625,5.10673200855296,67.31308224887115,1330.1400431375632,0
1.4566004549634166,44.897378692099934,0.36135172703128826,1.7420409169204425,118.22343450575298,5.409417564722479,54.36382217550303,500.58060509625847,0
18.08805882768575,44.837,0.395,1.987,107.73,20.29078582474521,61.26725149468966,1103.0,1
2.4092041105502213,35.86930148451571,0.32728216610011657,0.7130969306607662,114.15181811797551,5.403064697224124,47.86219095164763,1151.5166491349385,0
12.488363214638058,44.837,0.395,1.987,107.73,20.166107578227543,63.70382205030169,1103.0,1
15.1271211150853,44.837,0.395,1.987,107.73,20.228820787709036,60.15830303823586,1103.0,1
9.796411317443084,44.837,0.395,1.987,107.73,8.591059995460968,209.6620182930226,1103.0,1
2.8406379456069004,44.58617965794184,0.3283487297532581,1.9204109267517904,112.69563776624294,5.7868526330973555,63.37562965474558,1830.323766108704,0
1.3877960883098484,46.285016072496326,0.5395908170891199,0.6957918698441974,125.61537283421065,5.019084204589229,59.09798916889059,1500.835605623281,0
1.1900265118631093,37.04963705821374,0.27308596048876277,1.9229486741684654,103.59499855072265,5.536683700350665,46.63390851997356,945.871013491831,0
1.7454369619782373,42.177267975971525,0.4855191763139294,0.9718540161893332,122.81013275779559,5.270614898632564,55.47424434448811,1374.0858497516058,0
1.798187408059114,42.780893287708,0.31266481720154915,1.3005436246431108,104.79253023948706,3.1832425706561533,64.18919071294795,1249.5132957116368,0
2.2575943653605575,45.62132566741984,0.2715327418679539,1.8969727203244644,99.67726721262119,5.498834213773064,65.56336985960492,2411.875522657561,0
14.08368726744436,44.837,0.395,1.987,107.73,13.765913043552992,76.62527107597275,1103.0,1
21.13415615490123,55.45703891808116,0.04800893462753737,0.2265322725808378,23.782977020993904,18.585863324565977,84.53414079148156,10720.436700837126,1
2.660472382792821,39.88276055648756,0.5139257206883031,0.693519737627447,99.24323411497986,6.1408500111230016,51.40478786098387,661.9531788652454,0
2.859035043246656,36.51998703930841,0.37527423273547855,2.2703247843681127,127.7892808916564,4.635905289374544,60.335284730267695,501.1018382762257,0
12.999660365871371,62.17398046103419,0.08749608722763068,0.3653030283913863,19.104574777183146,31.727664442249964,159.76870458930154,8032.01616503146,1
8.364731582169838,78.74184295762751,0.06910682570224132,0.18588395863358229,24.84777887398878,33.292842270259946,158.11660942622535,12894.20483759915,1
17.396002602767357,44.837,0.395,1.987,107.73,20.058349074771066,65.56999101472495,1103.0,1
0.9610731285326136,44.73432295899438,0.3331037572977936,2.3504842732046534,113.3276321710839,5.074940631778386,53.873116521925255,155.96805593312246,0
11.7223997837471,44.837,0.395,1.987,107.73,20.080608022622304,64.90502740622689,1103.0,1
25.580035264115384,44.837,0.395,1.987,107.73,20.219504617037515,61.45905615008501,1103.0,1
16.108056985813548,44.837,0.395,1.987,107.73,20.30584191802461,60.50236422806364,1103.0,1
12.394075762412957,44.837,0.395,1.987,107.73,20.226079848735083,63.1436633055944,1103.0,1
0.5348616197243019,36.2315970925075,0.36774806692200546,1.5118837859625347,114.00082192477214,4.020819025482561,62.37454715316356,2580.3671915676136,0
8.025285689253518,90.58434235580796,0.05639568328937086,0.32689302909408824,42.37970733418914,14.556959676330928,82.16348107506947,4227.986154408758,1
13.700291886804468,91.58188720842597,0.08181419253175697,0.14002490065696213,51.49860411839909,38.23538071863952,99.60253396917878,4251.757048222586,1
2.6761148007045725,36.91403793099631,0.3723334103218488,2.284122687724269,91.88786806789516,6.364958168747173,61.97906420798907,1894.1279329301299,0
1.9966869936078258,35.205752985193826,0.25271154072378765,1.278355753543023,127.04776273727128,3.8003687286126304,60.85909222179218,666.2276120799618,0
19.185922542815362,57.64372791867704,0.0628399466975919,0.3327595195608361,30.323977346465885,30.603324347698184,104.59750793910929,11903.944693514068,1
23.859655681422712,131.29700747271153,0.12524606785244435,0.31310545021369973,16.750187831597906,36.28537341034031,113.01186578709493,10669.294163936476,1
6.589556136315165,44.837,0.395,1.987,107.73,8.631260584036808,217.6735483011988,1103.0,1
0.9143758794207417,49.60489987999758,0.40001747775732605,1.882297085802894,99.56265536300118,5.653141473539257,64.00013862405245,937.7940747249004,0
19.735891374203938,111.67702882803351,0.14839199176595774,0.11642349467787855,31.3009159681748,27.902705514629254,140.37602656979837,6791.229868627641,1
14.135491869027264,44.837,0.395,1.987,107.73,20.45228226020496,59.599009842332094,1103.0,1
1.5602641379081543,39.02679950256619,0.48415765457315857,1.1221314675414584,122.90457274054714,4.48308388777067,61.68874748228676,286.60594150400453,0
11.31066361326271,68.32795236707474,0.055019748096940255,0.1298484006618894,55.9957566827231,43.887051825690136,196.40893480000483,13380.853192504726,1
23.731404361416782,93.54401520952484,0.13043117532888274,0.32922867597366384,24.86874657441441,13.199244694436,92.22167181708593,11741.927206169283,1
1.8538823390877648,38.11851733885839,0.5064922058684423,2.2768637658674598,108.6523902456068,3.264949045584256,54.69565224792328,2410.61297838781,0
1.5262452461477225,48.96137417942422,0.28318952108656215,2.2082593542955844,95.09954649327929,4.390505516961285,64.93238414448884,449.75228204632134,0
13.780432849274778,44.837,0.395,1.987,107.73,13.783935010020782,86.08510539256079,1103.0,1
3.2625435434470607,45.483055346852545,0.48896118729285293,1.5148924678738451,94.69232755849578,3.4381502727089264,62.13913218072429,1290.917684698388,0
3.2235155416506025,43.62001399455821,0.30637611424459693,0.7462461718236607,117.84624580551701,4.339795675527357,65.54577366463398,1978.5323059223106,0
14.070398114400271,44.837,0.395,1.987,107.73,20.408916531605456,58.726071094181584,1103.0,1
1.577626240948071,49.00038785240092,0.49620884823003386,1.5069657564325625,104.03276437340062,4.2689592879568306,65.14286314170545,984.538448392836,0
19.910834147699653,44.837,0.395,1.987,107.73,20.187476229661296,59.8455344322869,1103.0,1
16.586268055769217,166.12507635183323,0.08539574766183029,0.28951672549797525,41.12487082688257,13.688461712700704,107.94302682513131,8904.020753184992,1
7.932291143196846,135.74098662787992,0.03493187192277226,0.1470281285954918,51.00576490943623,31.591592456988195,170.57929500347973,6713.550917354189,1
1.0854995516559511,43.31967313591201,0.4724924355508127,1.5358812344312653,109.32723453254674,5.933806473786301,54.03509447667966,2579.3840244349367,0
3.4598903688765406,51.407017839412774,0.25148199428032286,2.408442392304154,115.56479751262002,6.037714030820077,56.368496390846474,1546.7880857377506,0
1.3124189841109177,39.20851609475807,0.2687578887228537,1.4719869815339586,119.30933899144661,5.123561036511028,61.821791714952,243.44753560871746,0
11.204705674894095,77.72044972014928,0.07561992628776575,0.1968429380343551,25.486458590404883,27.311518775532566,95.99411096986077,14132.948796904888,1
9.53430592826292,44.837,0.395,1.987,107.73,8.609623129871634,162.2102040766232,1103.0,1
16.98022088427135,63.96691796842812,0.03401379261007739,0.3794471160756778,64.50460643611417,37.78259136438784,82.32814947418585,6924.081221953225,1
18.348838733573466,44.837,0.395,1.987,107.73,20.127640565049575,60.785805170697614,1103.0,1
2.9886881470491495,47.05960997101457,0.2816204132189387,2.1938223376177306,116.84051922131638,5.4395845810150485,54.07457101009679,2637.83866847102,0
9.085129358727928,133.3503287581055,0.05381137658143329,0.3986935530023048,38.81101091571327,28.034225004257234,147.90221448928062,14001.072037424961,1
10.957187967804225,152.50601088000542,0.07074395477928926,0.168244481108062,19.971099976584952,22.980072724842508,192.79092474628504,7116.320551080293,1
6.600043210582595,44.837,0.395,1.987,107.73,8.621306226610015,146.82325625965922,1103.0,1
17.36657986122703,44.837,0.395,1.987,107.73,19.62579637630208,65.79551236372288,1103.0,1
19.823685991855232,44.837,0.395,1.987,107.73,20.11408849763095,64.10321942104775,1103.0,1
2.3377204050344575,49.852876088927864,0.4671919166398282,0.8290609911670115,126.09813229143367,3.232553455245212,58.3491868136941,426.411371380373,0
1.7463290017762687,35.40808576236311,0.3506114818652387,0.9364562852548506,93.93696756405475,6.348521518612724,59.983993126054145,2185.968852709808,0
13.543686338056157,44.837,0.395,1.987,107.73,8.617457671581324,246.32922511752065,1103.0,1
0.6901249114183032,51.82932395062907,0.3467061534924169,2.138761447123806,100.18562619055055,5.385259527783752,64.00569649724216,1786.9162218235329,0
14.010079449211489,44.837,0.395,1.987,107.73,13.780033751662838,87.30548117221164,1103.0,1
11.600022942937786,44.837,0.395,1.987,107.73,13.501956342816612,88.38906998007161,1103.0,1
1.3116777694639743,39.22946040856601,0.5326174658465788,1.166717663044833,121.02021186875997,4.375926293724778,48.481351769617596,32.145893086076846,0
18.207697014871123,44.837,0.395,1.987,107.73,20.216559694174187,59.59731800509297,1103.0,1
24.331815404466333,111.52688751271475,0.021417845500182702,0.216830404023302,67.10214438343223,22.550788028215187,184.17177918404752,13575.008180182678,1
17.07606157687507,116.66769850654757,0.00601036295224,0.39529659364421244,33.008867354502556,17.023531059256605,160.0050626475748,6411.459469145512,1
23.18404272412974,157.45310869345562,0.1332287024491956,0.15976590575112296,27.051057742703726,21.535961322394932,125.24647172020386,7719.848044622265,1
3.2228330076696645,47.138554955936556,0.4323715642272111,1.187808163939286,122.95161536885179,6.342711790197461,65.52995706375566,4.6953155744187125,0
18.386308327270033,166.03402456393826,0.06899129269409442,0.2820919348822797,21.30999116773367,38.563905518095616,196.07937336241636,6223.187194975169,1
20.878702669037025,172.62404032180464,0.09348155596020104,0.32248818623556674,58.305838722468096,39.886308413589205,127.40640054281552,3615.161510111978,1
3.061354765114001,39.113611215389774,0.53818809265396,0.9741588384615139,128.0571924144733,6.481867528880828,62.79307014365122,2943.431195375466,0
3.368875644540084,41.40349948730086,0.3517721983521509,0.7186195218277827,109.44694616419532,3.3815476547432506,51.21349552318565,950.8278653018441,0
13.487440521072694,144.33701112582776,0.0905689135929177,0.18967784502949997,34.648983734045665,19.18409336228867,195.922575095625,4567.612578688317,1
18.383083110697015,106.28796523408275,0.07060514992365924,0.11474451710355311,21.46372836078149,38.08694904861038,134.47505996574318,6619.946899573786,1
13.517334437083218,44.837,0.395,1.987,107.73,13.753721989842552,80.58999550359115,1103.0,1
6.218110864703654,142.6956582003678,0.0014741328854681768,0.22275477623754658,29.762756158124542,34.88145877112213,171.94945673124548,6649.1356316554065,1
2.153479885749116,42.449036425221855,0.5017541184940897,0.9052912109525058,90.99886648468198,4.571635687755441,50.93696391880644,148.84312001651233,0
2.518108982626694,48.543583752253326,0.3251403696377497,1.7872607892532977,112.86983932574995,5.914906318758948,67.65217651203152,36.47031443216042,0
2.3232563667581676,40.020125118721154,0.2909802710953518,1.8381155449068256,119.54389832529323,4.104695703171725,61.12081510055785,1185.3927228345099,0
9.10374285809614,115.88531804044726,0.13173787015985197,0.25817654498520315,65.79222893763274,27.96529758723228,138.853891608314,4436.961462006382,1
17.535066970846625,73.26207069266502,0.1234505361670402,0.1705093896435756,49.136866769106774,25.37150570498588,151.52523145731766,4289.406631546897,1
14.457276546341957,44.837,0.395,1.987,107.73,13.799211015375214,77.18496940524491,1103.0,1
12.647266621232557,110.39091816536433,0.05642857031544332,0.210202154583184,41.556794614087565,38.690381668537974,123.4121974307079,9291.05664645284,1
1.0958948415856073,48.31758273992925,0.5227758083310978,1.3034411528006957,120.05115697495067,6.139483512775438,66.15310526325578,548.4401656176777,0
1.6319541618895785,51.38933308033184,0.2767868573576719,1.905336606356161,109.75256161827716,4.3567708190947645,60.81779696871502,2111.5712749029935,0
0.7658141419090372,43.28967276434258,0.2732948004014815,1.3743317589616186,106.28425956502511,3.2310344544908456,53.72051334923698,332.9942963739445,0
11.07088322660372,45.854443126833466,0.395,1.987,107.73,8.510198456661044,241.8835862842983,1103.0,1
11.563209991615798,44.837,0.395,1.987,107.73,13.274707384879555,93.95220180972156,1103.0,1
2.068198488145982,42.268197312095346,0.2576257380232286,0.8049937112872785,91.25716742746937,5.227436439423231,52.85889952690817,1525.7120734941084,0
1.039049326610726,39.03823652370592,0.5414185282124919,0.9438562101480306,124.17540373478317,4.722972497568122,51.180776860079426,2612.2497038175343,0
0.5815022636766795,36.108478051428364,0.38917941304369985,2.327518391136964,111.54807191810858,4.7423437781200155,47.63684249891576,1970.3403141728822,0
12.210052034747044,44.837,0.395,1.987,107.73,13.766780763627503,83.16880900730598,1103.0,1
18.64242650946025,44.837,0.395,1.987,107.73,13.50189567059109,111.467353573709,1103.0,1
12.57444589528029,44.837,0.395,1.987,107.73,13.776325443772446,75.79450040696919,1103.0,1
3.4847234679393058,37.956219236731286,0.36887260567079766,2.0406531038377733,117.8408247221517,3.5386356721894927,65.39582812476544,673.321715509982,0
2.436716544282284,35.77494768512737,0.5337912669536798,2.200114215635724,101.86449928628372,3.270156355792638,49.247176830476434,380.833241264918,0
10.890418047971028,44.837,0.395,1.987,107.73,13.856019408020549,156.36298660172812,1103.0,1
8.907368204612034,44.837,0.395,1.987,107.73,8.73198727468223,3202.760783442904,1103.0,1
6.656945352065449,44.837,0.395,1.987,107.73,8.627574476696244,145.12117163876934,1103.0,1
2.5263681360092765,41.73201642855546,0.28990293967219866,0.9015998504111881,127.97092424982468,6.078605238491167,67.67604901037555,2974.5983274821597,0
1.1714528444678693,44.12856518918803,0.42788198045251097,1.7021637948918413,93.65947349591019,6.071113019206331,51.64000106471765,388.5447638484125,0
17.365700420274397,152.68276109433867,0.10549158415986774,0.35033747585682906,13.37283432759271,36.66818101263466,182.10233087865146,6433.620509499772,1
10.61869217279824,44.837,0.395,1.987,107.73,13.801044185118933,193.69881564271375,1103.0,1
2.0366657624380236,46.563872246542005,0.2625018701807153,0.761104830487026,118.65293552250729,3.2522951759953567,46.78141819413146,36.32542570466235,0
2.619115990429988,40.874852959803825,0.25209467856410445,1.3666138411512991,99.39017686899885,5.86604244682165,53.43326522114414,2482.571081861451,0
2.670330987064736,44.10616218890884,0.5008353109621746,2.160637889511319,123.73304671151533,4.69783130992839,53.34070989592164,2374.67460777411,0
2.38867309067521,35.923644591989365,0.47459357023786003,1.2034149109961216,90.00538772017941,4.788951987330305,46.17129771319008,828.5086734626984,0
1.7915880153866226,37.42410044939245,0.5170291105551426,1.257167175401929,96.17838988893295,3.0890671596701282,61.14555965716211,1910.7069523642297,0
10.68542328641716,44.837,0.395,1.987,107.73,13.821300389515116,137.70375466454536,1103.0,1
9.528847852172932,44.837,0.395,1.987,107.73,8.61843280633599,313.36777865155324,1103.0,1
12.176900246419503,44.837,0.395,1.987,107.73,20.213354806620387,65.05798019615061,1103.0,1
18.414546508852016,88.67993078795688,0.041628420735358884,0.3800239381070365,53.41207439986532,31.047160315369194,157.72640653047344,3351.5933172410205,1
19.00939341510289,44.837,0.395,1.987,107.73,13.733604647725423,80.31444139939774,1103.0,1
10.590703012822733,44.837,0.395,1.987,107.73,13.807527395029176,192.60250649543084,1103.0,1
2.5749669555996246,51.415862579535606,0.3680666008318947,0.8483629148205388,116.86835436976243,5.552584301670222,59.376514336470365,620.4536794001888,0
2.519276392733651,49.01395760323894,0.36909764866224226,0.8970022443468356,119.51803789590369,4.261660767995439,61.78177063072832,811.931825945297,0
12.32044165271631,44.837,0.395,1.987,107.73,19.440648308349765,59.94090222636638,1103.0,1
1.8682099526511078,48.34799134368123,0.30990213464750793,1.5770454329858619,113.6965827544817,3.162576444519992,60.18862129753596,511.5723710618746,0
17.17488417855483,44.837,0.395,1.987,107.73,19.371208198346128,68.66158454927242,1103.0,1
2.4857408979110347,47.77001132821873,0.47616042481297394,1.6979931141187676,126.17439099975428,5.8609274655713826,63.92620286746563,166.81656504138186,0
2.9104482298906538,50.79687691174152,0.37153080835826996,2.3216109040517443,102.85982804991528,4.66752945220327,50.65072494539999,1921.428126527532,0
0.8661147045343365,43.41800747189159,0.2603165563345655,2.3277087639496856,100.35119926400068,5.318827995238937,52.792776902235275,1560.2040635334324,0
10.85573867291881,44.837,0.395,1.987,107.73,13.77117713616286,100.82309529966015,1103.0,1
1.6483523012091217,49.265492337202794,0.29359800772615124,1.5608238131846104,92.48165667826217,3.249044876072684,59.34664624192741,1698.0552746634628,0
6.603779870833863,44.837,0.395,1.987,107.73,8.637371098690817,212.69566154298656,1103.0,1
0.5760522302463725,51.36502304952472,0.5007940361536618,1.9223509915780261,106.3581177765708,3.6065301202479603,48.91092606677715,750.728694493786,0
2.29838341897615,50.34085569388147,0.36496460978417555,1.0110322774985714,107.70309383731262,3.169269488670733,65.51218961200686,2479.02243285056,0
1.309462160384643,49.02583997306105,0.3994767046790361,0.7464107303552292,92.34203716975917,4.169834115436213,64.62242442778668,2123.0428042227472,0
3.4735058784109296,38.93841892351854,0.5328195322405378,1.8343286330855002,114.30947179515437,4.79440978855778,50.766745292943966,529.5840960165248,0
9.35680346343443,44.837,0.395,1.987,107.73,8.641852109498714,283.6662975791229,1103.0,1
0.61,44.837,0.395,1.987,107.73,8.611419586601375,142.97741579002215,1103.0,1
18.63384220855254,44.837,0.395,1.987,107.73,13.5029452308185,134.35387262871274,1103.0,1
23.19096946024277,126.11943541023135,0.11432618807724669,0.343542015505266,30.51094251503549,26.311912933572543,181.81661292875174,7359.064220109723,1
6.668277073703918,44.837,0.395,1.987,107.73,8.63561725985233,111.70262741208634,1103.0,1
23.465720420278714,123.10308445917897,0.04046136988106506,0.31071961632417966,49.53410839449143,44.6411355305882,111.805674489114,11064.714031940824,1
3.11912944104561,37.87059387729671,0.2660904374562493,1.9631834821626328,109.01902860930934,5.971843069855366,54.58492852645647,504.8357655231385,0
9.798978074472625,65.42238172109494,0.13927616279156677,0.2739211344819316,50.022211427521235,42.08203727968073,121.47442026809475,10458.087733657008,1
20.65451388153858,44.837,0.395,1.987,107.73,20.20932444720224,60.50781513482092,1103.0,1
12.00373048663922,65.40720725632902,0.10868368637382274,0.19345368970419582,56.97541685545434,26.60760999259429,138.2320090811146,12334.912880982441,1
2.522059757176378,35.881208585035395,0.4146575995232068,1.1465021851829884,102.27106398088564,4.235354762083248,60.53231122624025,1002.1498970063076,0
1.8449571661082667,43.67735231307195,0.43797775332796307,2.360126952787165,90.76464377719056,4.66895213911236,62.19305106076402,2168.1208730946855,0
1.269389183050298,41.04043572405609,0.4521982624437192,0.718873200216958,98.42027758661372,5.831582741020867,48.67304808959427,1027.9354395675646,0
2.9247056300276664,51.110696441396,0.2716949425773816,2.4147188938542326,110.90306397346981,4.048479872838559,46.92155188190409,1501.8728042112534,0
17.839636249407555,44.837,0.395,1.987,107.73,13.73633789801086,82.83999147107475,1103.0,1
12.613951673225674,44.837,0.395,1.987,107.73,13.781526476620648,99.13953022503918,1103.0,1
9.531412324712644,44.837,0.395,1.987,107.73,8.604734186096874,98.51512329257604,1103.0,1
3.1643545668021074,40.529940512149714,0.5202882687071404,2.4926995796476796,123.01662656495793,5.957049717143302,51.22521840272725,1730.107196573269,0
1.4460912297983524,41.68350120139826,0.32107719816901703,0.784234774834307,97.16126549766335,5.791299158537701,61.93864512959439,1640.7866279564307,0
2.5267603207023166,43.65119919118796,0.5084337058063972,2.245467782586937,90.39642781964615,5.723162072691197,56.518340006041846,2966.521623910989,0
11.971311939942064,44.837,0.395,1.987,107.73,13.667597619443434,210.93853795607012,1103.0,1
8.095720696922239,92.64694837466985,0.03734653487420475,0.21169212957191436,25.27982595339771,28.135380572468918,128.88894576256226,14838.833889351918,1
21.35889973342285,44.837,0.395,1.987,107.73,13.78022383658836,106.40888062301798,1103.0,1
15.691184383126174,79.43225004604999,0.02493440430774881,0.37494674533465433,29.670291931002044,24.278714413775567,171.1788390114066,7065.881789073688,1
9.601417206246431,44.837,0.395,1.987,107.73,8.644811106884582,66.58353332581368,1103.0,1
1.3863343324322608,48.07679351324827,0.43739907065627914,1.3256853153405022,98.22749048782221,3.4248524635579223,60.37532420097166,2323.901341913364,0
10.641196173374842,44.837,0.395,1.987,107.73,8.571782143389497,156.42561238196714,1103.0,1
16.205734820118114,44.837,0.395,1.987,107.73,13.817359109242185,82.76811616698244,1103.0,1
14.896519032010927,65.76451381329673,0.08387049846944526,0.2508350325540042,18.666189049304656,26.588185032896476,120.09255825038758,9261.970503662273,1
13.489124734624587,44.837,0.395,1.987,107.73,20.12075464158245,63.732669317319775,1103.0,1
0.6691264899527813,49.700280396335906,0.4938703027390233,2.499463579243648,129.86547348295622,4.944010969609196,64.22468537951276,2834.297189647284,0
1.3065605431465805,41.26363163858184,0.5186038267459508,1.8662797903009878,121.49548107009332,4.590208980736793,60.75618048640395,745.1508262296226,0
2.9071880916608976,49.6441067836238,0.2911900098146711,2.4095348295575767,103.15290471394437,5.318098085557519,63.79562864891703,2435.83870391365,0
12.251409340451524,44.837,0.395,1.987,107.73,13.836419266738517,76.17068067940771,1103.0,1
2.3187588132529324,48.001766615350924,0.3024515881781238,1.5548755452805405,105.94652111089252,3.512308972567872,54.188360557288284,204.5169281564807,0
8.805496515225393,44.837,0.395,1.987,107.73,8.474161789770166,311.21944052065004,1103.0,1
11.494851948304625,44.837,0.395,1.987,107.73,8.581741259883827,126.2498144101439,1103.0,1
1.5364425611703372,48.65120198594745,0.4120836679562263,0.7506325407992642,112.63402241252987,6.178064908975818,54.90781563745551,888.9774056994002,0
8.578506618369934,44.837,0.395,1.987,107.73,8.606332126866725,128.29790508561072,1103.0,1
14.542196353878523,179.3205320855656,0.10187575493069892,0.12222247216313434,69.56992790091851,25.460509813746285,114.48830406145791,9694.550202934628,1
2.95121621284784,39.38434805976398,0.30126627621701974,1.8704221178564189,127.17503956510343,4.948670125548754,59.2903172367475,839.9372809808525,0
7.861239054468047,56.75181469075712,0.0850287649941142,0.3796800651762917,49.956829964827854,39.1476964598541,81.5937444150296,9504.183581756712,1
1.3378282653632314,45.92899247099803,0.45824517205294935,1.5740440309756005,102.21242706786926,3.7442553172988364,45.82973386406066,911.8392037221714,0
12.23876832002142,44.837,0.395,1.987,107.73,13.69811043188388,160.99640956564087,1103.0,1
12.539751297826646,44.837,0.395,1.987,107.73,20.286596069305013,65.19947118338509,1103.0,1
14.191259550110438,117.37099302759913,0.010831977800278192,0.3053306083207923,40.19322489151807,37.24991204542171,138.23487608740584,4792.579634717185,1
14.618436387670291,44.837,0.395,1.987,107.73,20.17499588958119,59.1154097571434,1103.0,1
9.802688205470629,44.837,0.395,1.987,107.73,8.587838214941934,192.4491654984201,1103.0,1
14.192295034658528,133.56298751044596,0.0835877749977616,0.3227907969045072,26.78601585322245,30.643436052531616,90.57706920689506,7963.986282998483,1
8.906803627445921,44.837,0.395,1.987,107.73,8.655565077287832,448.7393960055503,1103.0,1
2.459488371593849,50.951181913624204,0.5113613446789156,2.055523075417075,121.53789373013194,5.327447162165983,51.50717143915008,2721.5850921174897,0
24.762481519092706,115.65380697066952,0.02687458774352263,0.3673420275380529,37.62132238808961,35.41915433564931,198.0453899850982,3602.104203839688,1
2.1172836582080263,39.802031248290064,0.3775684556313082,0.671385071757924,95.11467204889671,5.679413626805513,45.00029086888415,1249.6974854468765,0
13.77361524281406,44.837,0.395,1.987,107.73,20.197508944876784,60.01919616948522,1103.0,1
1.4127267288786132,43.92085933774804,0.37958350559263476,1.1533353663762795,114.47411578889518,3.4882285122821464,52.30361621338045,1099.0855298810752,0
2.140130838029839,38.14252574393396,0.5408753883293675,2.0727523643861177,127.57995766256757,6.13189572649677,59.94749947027713,2765.6227050693506,0
2.2661945663939598,41.38060843463323,0.3357350666577611,0.9861238730635657,120.47192765510789,4.3528917738805974,57.78188655501878,1476.9764400035458,0
12.952546017217731,44.837,0.395,1.987,107.73,20.254381911359392,63.45287048374445,1103.0,1
25.78834455357091,44.837,0.395,1.987,107.73,20.22983831369997,61.94645973338067,1103.0,1
24.041248932780054,147.24097112485003,0.089614386386013,0.3642685481634258,12.976354500968965,20.48306884224389,135.8043601065092,5723.7424736582525,1
9.826994076749997,64.81703034909984,0.053460710377449705,0.3242955473694934,43.041432681687674,38.95418119595347,195.15105771310806,12511.949721019404,1
0.9267481060615885,37.06354397018129,0.3409825442702787,0.7919870409202286,117.68645366776528,3.2180212934552195,57.73555320374474,2990.0905615589304,0
16.8498695835281,115.31163256595786,0.09338630967491725,0.10301409431644948,21.690429499321844,28.21390425310032,194.0604273906962,7603.308484261901,1
1.4761990944778032,47.69035388700641,0.44488986971416444,2.213524479938938,116.30451569201374,4.98908011167415,47.341869195702316,1103.1474091783007,0
6.5197094092044185,44.837,0.395,1.987,107.73,8.631581276762438,90.52212572602936,1103.0,1
10.59242812246595,44.837,0.395,1.987,107.73,13.843022228235627,122.5020141650721,1103.0,1
8.980169040197168,44.837,0.395,1.987,107.73,8.591529240981107,164.10428527003944,1103.0,1
20.16559152762444,44.837,0.395,1.987,107.73,20.316208462422004,58.95801743297128,1103.0,1
10.717852337305104,44.837,0.395,1.987,107.73,13.802997284736673,261.5245280419138,1103.0,1
14.108360398968788,44.837,0.395,1.987,107.73,13.761509222549163,89.83987744892043,1103.0,1
14.793016421074167,44.837,0.395,1.987,107.73,20.30359871261315,60.81696220920188,1103.0,1
15.92263696899803,44.837,0.395,1.987,107.73,13.851053899594282,97.99655699125586,1103.0,1
2.1306146520279383,36.38933087769523,0.38749019245859695,1.5209229455470892,96.63098160653104,6.309943514500988,66.24938428701654,2007.067011987325,0
2.4260949384628634,36.43037940491583,0.29848861422838413,2.3072529582014503,114.2571623863836,3.032189680658204,47.5367885716508,1990.5053073241675,0
1.97859375334234,41.872925703332776,0.4092813035236282,1.730750182320795,90.39695284511342,4.624333058087263,69.0874810221897,1557.0968403886461,0
1.7320478990308485,38.56473471631342,0.5429683069968714,1.8266448964109818,127.38175522862062,4.0618494027019665,64.54727282492225,2297.575931654226,0
3.0346259329083636,35.395622907509036,0.49434054477668077,1.13552407206946,94.72659310486625,5.438580078774527,60.7235711694971,2632.416040581159,0
2.006585030993728,45.12154529444074,0.27012294321652824,2.024924893758438,98.39622372382343,6.143190013042498,50.128491012050176,572.0631619909997,0
2.208619338701311,39.41221031399353,0.38109876569968626,1.7277657772196933,92.9232624810806,5.178201426160362,69.52944591905737,570.3229493511828,0
0.7545131422555758,51.77287283451999,0.3622812387268361,1.3042200794270928,122.5119826903001,6.315370020843505,69.65002659557177,2260.134555776825,0
8.96033644865576,44.837,0.395,1.987,107.73,8.660994914422385,529.5375065478994,1103.0,1
1.8185350658987303,36.796299632449646,0.4422478944070619,1.0104725467682392,114.78351819591319,5.2757038233935365,48.8006213282162,184.04888133200447,0
0.7483960037753794,45.253585860928595,0.3236047329043963,1.3396616666797554,101.547749470828,4.244854507627322,62.97614762960614,891.365146869525,0
11.777884060849834,44.837,0.395,1.987,107.73,13.938876705922006,76.43328441611852,1103.0,1
16.326457603330642,150.4118639996602,0.020475451812537324,0.16860122541538103,62.94970630408819,12.664016821151444,170.32725653911712,8685.279510173075,1
0.9412204427871138,50.7519896277454,0.3976348879238615,1.0906643377680207,108.36543024953045,6.4301140134991694,57.31545234982174,986.2548308625246,0
13.596447172980085,44.837,0.395,1.987,107.73,20.24549385846675,60.87420410322548,1103.0,1
13.389764292316336,44.837,0.395,1.987,107.73,13.74419917796223,97.78605080853096,1103.0,1
1.6645097786195657,45.93589971352,0.387475867147455,1.6366718997002763,127.658592351061,4.35135923230271,69.02976409559786,2716.051925868191,0
14.354412319423018,130.73710189743537,0.06425277008532694,0.10813199570086994,57.01009015527453,12.346936409874566,171.42678732529808,13719.653925457473,1
0.8996297724098861,45.750736359913645,0.28849775865662936,1.6991357656357269,117.73688512225236,5.452140237380581,63.83680276648992,2618.5782646969938,0
8.94599516546177,44.837,0.395,1.987,107.73,8.635005439778178,1300.256601927327,1103.0,1
18.23720624430011,99.44122464400095,0.12132878085503479,0.18841041096565841,44.27277506509103,36.598125391670806,125.47470917750091,6633.211291409101,1
15.89110649309351,74.98497042080517,0.1036869995678984,0.15026996179135196,28.618508926272852,28.610389310003082,175.57286738281726,11873.630798864728,1
12.580060297704712,44.837,0.395,1.987,107.73,13.790342992114056,97.64296304311642,1103.0,1
2.479070818791423,42.514568155829096,0.44447004064235385,0.7167479512484962,122.5489337488891,6.291763835077909,61.21913465398465,2863.6977865764325,0
9.466985233037736,44.837,0.395,1.987,107.73,8.588228995552003,167.41278692745524,1103.0,1
15.247461213079184,44.837,0.395,1.987,107.73,20.294229714275534,60.91971686866341,1103.0,1
1.5301601065329327,49.18772043434567,0.5306453540582488,0.9528928368098526,104.90035726213864,6.250206967403879,46.54521151723056,277.0815843341355,0
13.23895567519812,102.46185554660988,0.395,1.987,107.73,13.8311280935984,108.4275324190628,1103.0,1
11.419940912817957,120.76175165644275,0.10316538095486022,0.18204235461249396,54.18839047714437,13.704692784783154,85.91533913172998,7635.452461746543,1
8.905100701178547,44.837,0.395,1.987,107.73,8.66380970660398,411.397357106537,1103.0,1
19.04820581822194,44.837,0.395,1.987,107.73,13.70310078540483,75.61370565937402,1103.0,1
2.3881959144057876,46.82772771273849,0.386362319430332,1.7923603521597204,113.372572476924,6.154053036718461,46.136159508536444,842.889568776691,0
10.712976349855683,44.837,0.395,1.987,107.73,13.80189080896211,235.7980966950656,1103.0,1
1.6773353222679062,48.88219047101681,0.3817404725710656,1.3161944159073244,108.50719142678426,4.0548225595744976,63.69023450440628,1508.1611702774373,0
25.57215485494566,44.837,0.395,1.987,107.73,20.227020589772494,61.96317494598453,1103.0,1
6.312521763556351,123.67647900762057,0.08862994010926717,0.29581843713316724,25.339973399908864,24.030692108155527,181.2416635597973,5339.313227641918,1
2.9575665782803706,50.03150987692293,0.31842393158467974,1.0028851958256306,114.43923955403967,4.4385996443234665,65.99653257166801,2700.0693701940336,0
2.8837348361005706,35.58939453435022,0.4248420505250469,2.4913312807634886,124.22784375350157,4.825059911652563,46.59102273216606,2494.1205431571293,0
12.382211927890872,44.837,0.395,1.987,107.73,20.23270466857879,65.44266019286707,1103.0,1
3.1776746824594237,42.13061589727433,0.48410965090206454,1.5050378932720876,109.9015940858441,3.716380381700494,59.77825758146291,558.4076932600439,0
2.636411137641815,41.0621349917655,0.3263443994854781,0.6245051926000983,111.61197627045999,5.979027573990936,68.9407911568147,1697.2348518398676,0
16.066244533482642,44.837,0.395,1.987,107.73,13.814384389125362,84.11562557238102,1103.0,1
17.05476201954075,44.837,0.395,1.987,107.73,20.2046391813908,58.67524664507023,1103.0,1
2.5685802530946833,46.50072755821319,0.31470254571931516,1.8518823934420485,105.75457622616634,5.279315419645222,47.66482575769977,1973.535913809108,0
8.267367285898773,44.837,0.395,1.987,107.73,8.588442179220282,260.1184434034637,1103.0,1
1.193224389764214,46.42217664117838,0.25591316132630926,0.7978063057706903,121.99664341492758,3.6249063171901676,61.318652696296866,714.5483431401796,0
3.0663817520330214,46.9621836094604,0.39225214872619757,0.7858849052369028,109.6646350046733,4.65715119773198,49.33004674775038,1301.554947713919,0
12.339030572368756,44.837,0.395,1.987,107.73,13.679329580447504,195.14593979123308,1103.0,1
2.4947351734616543,48.52264933342539,0.5281533458438359,1.0458199555253618,105.97263663237233,3.533456046656461,69.81208755395937,2781.002903772886,0
18.003743328913068,177.81032257515596,0.13677278543091703,0.2317391982414552,12.396878397165661,23.95568517000676,179.1668373920666,11417.989217581993,1
1.3796323150941936,40.58729727128857,0.45175553682311154,2.029511605931592,121.66316174903395,5.763663499780939,47.28015257621726,1483.2609141077444,0
0.6787612920594311,45.274108435151106,0.4791076808050962,1.5944626047518156,99.07090501278583,5.3328269184256225,47.00264316524006,1325.5011144058637,0
6.666420177568708,44.837,0.395,1.987,107.73,8.618934368114312,206.0973528138097,1103.0,1
12.047272462116425,44.837,0.395,1.987,107.73,13.726865392573638,292.76238921117545,1103.0,1
24.214926055427107,122.19251795504329,0.002129495170758555,0.17728959962905877,36.99662045613158,34.86599406381733,167.97924537641595,14945.058155105473,1
18.172845448974268,44.837,0.395,1.987,107.73,20.19082922027713,59.43115940285561,1103.0,1
3.498241177312,35.81960466062945,0.5431522552663952,1.3731251253734542,124.83013801349037,5.738349194203957,59.1754065246667,2215.3476277539794,0
1.161458627210526,38.169450456452324,0.483875342070026,1.2652379924167871,92.31370706253585,6.39185920549284,67.09464712408564,2783.256849585639,0
10.798057386463851,44.837,0.395,1.987,107.73,13.799083141244344,90.60937272918864,1103.0,1
0.5602135933331791,40.47534581491403,0.3134344020989634,1.2222449691380377,94.79048527277004,6.116845482589632,59.83981133885122,2037.3069574334688,0
8.93376394625646,84.685413146173,0.04498463894918043,0.2928385211518928,46.05672907226314,34.970635431712296,123.50023814378159,12887.971822559739,1
0.5392833697650009,46.28013532428408,0.3034107900609254,2.4260336031919647,95.94650911012452,4.451184433044583,47.133741701966095,2990.6227555378423,0
0.758396417191041,48.84457524756894,0.33410042576542376,0.8511413497323563,107.5942255885534,5.253848028066647,54.52379612558688,163.69622484809688,0
15.021772071444971,44.837,0.395,1.987,107.73,13.743734150204924,85.47692303825906,1103.0,1
2.0947164580601934,35.55520403333643,0.3926788575466025,1.3747213995051912,96.4487524790049,5.297433612252299,69.27877268420714,1686.5664331935754,0
1.2413097020304393,37.7122595619242,0.5115350699776605,1.016506575980284,129.03461023276526,4.179135271198874,49.55294789221748,2369.0955214274372,0
0.9004399172478313,36.370225733871116,0.4683817920921296,1.5432761894750695,107.47402810460719,5.553278800283389,64.13782247477775,476.7245030080607,0
1.8321312476066087,45.645983464158085,0.39666934953773547,1.363379721243216,129.75393555598794,6.081101667521244,60.58514895398601,1708.1320835468482,0
2.831147856955268,49.65745055218921,0.34416264901674115,1.6222431401914155,123.604323137568,6.4630789583776975,67.23798277609407,1114.4017878731304,0
7.948112522666888,44.837,0.395,1.987,107.73,8.386465877539445,149.70475605359962,1103.0,1
2.639620649847853,38.386659673198906,0.5170645007908523,1.1460782332846016,104.71143951024612,3.2033218322812242,47.787805308031906,1547.5857081369843,0
1.1877541856979246,47.27829366268213,0.46601096096382233,1.8181805024820648,117.75793777868401,4.899535551716586,51.29497647267382,1037.0879805117584,0
12.133036391346678,44.837,0.395,1.987,107.73,19.47677371972898,60.08453397432335,1103.0,1
19.08592906206972,44.837,0.395,1.987,107.73,20.140629417548077,68.5661056329005,1103.0,1
8.967634455551867,44.837,0.395,1.987,107.73,8.59174320161341,237.69438949360344,1103.0,1
18.78399073204045,44.837,0.395,1.987,107.73,13.536311053254613,138.70694359326933,1103.0,1
2.2738263072347875,41.78304596579221,0.2664284916466094,1.2368747591272116,122.11413794392045,3.01621208051611,53.3374792922786,1194.50608077283,0
2.329092275457848,46.89387268357607,0.5014464924965928,2.125340776166551,128.43680587715298,4.875772775982414,57.21239081649763,1205.6615996721903,0
1.0456402531974345,40.876343816505674,0.5190365229718036,1.5005271164994574,116.70230954084109,3.6031195492057044,49.80722547021677,122.60584879943659,0
19.208436300248234,107.36545309911483,0.07759082546314658,0.1252639033531295,69.0745537825668,33.991441054932324,114.2484882156107,10029.700730582932,1
21.292501120518345,172.02038019387456,0.0770276800112655,0.3850837670834222,42.141338227361786,25.008286321796962,181.78437542634745,8915.792525497069,1
9.766744212559939,154.24438558944883,0.07297241485986343,0.20021366452598788,16.409259577839435,19.881890293319028,193.91374061071804,6661.196241834319,1
1.6526201389574007,35.662932213773495,0.25928673727580304,1.337174843899052,96.40099745852777,3.081732337148651,63.90534034875442,1375.569026645672,0
6.933891195751343,145.05709268284454,0.0422737504943208,0.15529041908502972,12.36171278918377,12.72094149554466,172.9382723743749,4613.2011284346,1
15.913919376260516,80.50804856832508,0.04378667602467109,0.3245826125745498,38.95607413969124,19.12903753297138,196.0725428444357,11581.500237802655,1
17.68269108878872,44.837,0.395,1.987,107.73,19.352883817190385,68.44081126483213,1103.0,1
18.836476496140328,44.837,0.395,1.987,107.73,20.02128241830862,64.31303115699652,1103.0,1
1.2761349264663229,42.38485642311237,0.4670343453550003,0.6172029070027049,113.57815957938789,5.146520897105827,60.942206172398386,726.0662399426317,0
2.566655906150272,49.84648956963373,0.4408874061937744,2.046130920382,96.40286539818293,4.615451160469265,45.23329049567733,740.036593564869,0
13.128330731480373,164.97971849268347,0.09730244300360467,0.3697746754867608,47.410318674840234,16.3325030761592,117.1630053326227,5421.539379029483,1
0.7382197539290886,47.43544033578616,0.3062235832292747,2.2305364009986115,122.76254055446624,4.892778142449405,62.75606996558279,943.0503395512452,0
2.1611344560740333,44.208981810970066,0.478570543781461,2.1839349276814124,107.61765401249696,4.058166372730228,51.48337243292736,583.8715101146158,0
18.622927967343344,44.837,0.395,1.987,107.73,13.53258807271888,91.04787204800564,1103.0,1
0.5551720296424002,50.543079711528485,0.2853253248670423,1.6953813034770815,100.96220882748824,4.9396230088052775,61.28550970879661,2489.225411121605,0
11.274062495143124,134.45566524407667,0.05339366602059607,0.14455203449310425,45.78802452481262,38.87466938207969,125.85481933519678,4587.22458118178,1
12.102872220873731,44.837,0.395,1.987,107.73,20.25496598971294,63.56887461020849,1103.0,1
2.330675448432924,37.301019398720655,0.47541252580871374,1.8482147969075648,128.26458484333833,3.241353057247474,46.426368028781354,846.5612240796005,0
9.707665237967152,116.79635138071976,0.13722524249953172,0.16351431164439129,18.65440126708621,37.04623545118301,140.07434388007172,13941.421348581256,1
6.571577331244189,44.837,0.395,1.987,107.73,8.622719063737335,189.8446158975247,1103.0,1
3.212476083481245,40.92034293939611,0.40419684674794326,2.0889407242081717,105.8617112928508,5.177303450797558,66.55909271866864,2848.5618709729265,0
2.383124159214254,40.69339544917047,0.2917816217990162,2.108647859613562,114.80291023714054,4.867113821917125,67.34731457627394,2365.791633673592,0
15.90142081497338,44.837,0.395,1.987,107.73,13.837526447894868,82.16642854716281,1103.0,1
3.132119215783866,47.593066501821475,0.45910472229858046,1.9347197595755077,104.3796460487902,4.027571454925727,65.23402888696285,2430.3401840375423,0
8.89287820197731,44.837,0.395,1.987,107.73,8.689986164531598,233.99986131167705,1103.0,1
1.7204144028551707,40.579962796531774,0.3861969733599097,2.04864922148225,95.04008111455977,3.687467255552061,68.7861206415773,526.4748821440721,0
1.4193904041284608,48.980480590151025,0.2670936180992105,1.395353822344827,108.33725696525752,5.537521267046916,59.357189377255274,2001.6370115825432,0
13.753301481787163,44.837,0.395,1.987,107.73,19.790588214931876,58.97354792206009,1103.0,1
18.737224261781183,44.837,0.395,1.987,107.73,20.123703432629828,63.14670212421813,1103.0,1
10.718611573721518,44.837,0.395,1.987,107.73,8.49516781098246,114.8431529394956,1103.0,1
9.944982049401204,44.837,0.395,1.987,107.73,8.582080453643322,191.99191448391613,1103.0,1
12.178155540002637,44.837,0.395,1.987,107.73,13.699074681466652,202.6305398232156,1103.0,1
23.67186287402503,144.99494242118493,0.11307205694675534,0.165717751917965,36.58239859810965,32.387835421446454,172.3968341847921,4247.512510948674,1
0.6832338795645913,39.706920018502466,0.4918603839379184,2.021693411728951,97.38084077425509,3.7327226316784863,54.26180256978455,1453.568955573064,0
0.7407012369849266,43.916693622694325,0.37311904809689844,2.466519372126352,94.4815560867221,4.392494596660096,69.23676083188423,2596.521377681941,0
14.572821798829334,44.837,0.395,1.987,107.73,13.784595987156854,89.61983723362809,1103.0,1
1.3513277173961735,41.172399038776796,0.4437751723994804,1.6844787788709326,104.24386903591385,6.452803370775429,60.14437048392218,711.6803752079834,0
1.521234668342779,43.67987287681252,0.43453874216236,2.3301508627074012,110.3941603820183,4.754464756190053,46.25607524557455,104.73465796867143,0
16.536158392765117,69.90130535507167,0.005469157623842769,0.11582318564866523,60.04984649250648,15.893091959726032,85.41816372947504,8254.798645714947,1
12.599234614688289,44.837,0.395,1.987,107.73,20.2361271688008,63.682775398747495,1103.0,1
14.832911002533889,44.837,0.395,1.987,107.73,13.766574964627642,83.68762413688188,1103.0,1
6.5951837689059305,44.837,0.395,1.987,107.73,8.620137726666071,215.4462820361532,1103.0,1
0.5952312961189659,42.19669745060436,0.2753696134291714,1.7530092155262644,125.2389202255863,6.0902018578155275,61.47613525330581,633.695494418793,0
13.839301412465286,44.837,0.395,1.987,107.73,19.83605047173201,59.75765850819065,1103.0,1
17.13500591358494,44.837,0.395,1.987,107.73,20.129760426456937,60.21415437691252,1103.0,1
9.070697477737928,151.13264164496553,0.06382584889077642,0.26962478192576145,11.260549419181645,13.13623318291938,133.49906597924195,12799.862918419482,1
12.242017589827864,44.837,0.395,1.987,107.73,13.69208949646284,226.03067864955608,1103.0,1
11.81923947285977,179.7090329080824,0.03953272192451667,0.1837391412322809,65.8403353337439,12.813265352998648,163.60267854478363,11703.916688830537,1
1.2360569424986332,35.98144670682699,0.3673098607382196,1.0449864047600348,98.78215692919207,6.359519809497094,60.4075121481431,1670.6353295162876,0
22.54240935324576,85.39749753302824,0.08258559518120463,0.15774794519074814,16.112725848373394,42.066976545934594,178.4609005078531,12120.418821638086,1
18.467726607007304,44.837,0.395,1.987,107.73,13.533465351456638,88.09467935631618,1103.0,1
11.013133642431116,44.837,0.395,1.987,107.73,13.911171798256664,83.91498653377434,1103.0,1
0.9225710611393996,37.998578770605796,0.3995103318218439,1.3959583540586409,126.593836042724,4.268378646908216,59.51470875695109,1896.7928637585912,0
14.745964183387793,44.837,0.395,1.987,107.73,20.179293198364224,61.0871500798863,1103.0,1
15.43814831814969,44.837,0.395,1.987,107.73,13.757126219456977,90.4490740606618,1103.0,1
13.147828142988644,44.837,0.395,1.987,107.73,20.27773631526099,64.9822623302259,1103.0,1
18.941025437853675,44.837,0.395,1.987,107.73,13.73561675018066,74.91980639251246,1103.0,1
12.247969873800304,44.837,0.395,1.987,107.73,13.809933774302392,95.5660367979022,1103.0,1
2.250968335552616,36.32148882840474,0.5423184422998499,2.4738004145112455,117.9264685607898,4.876337282204421,52.73819040715819,2441.385059120846,0
2.296935524531632,36.95386095001264,0.27815718544700685,2.3282909569295254,116.76801051752314,5.902503797608644,66.97447250705667,1715.3170561449667,0
11.607724757103751,44.837,0.395,1.987,107.73,19.00117443087566,61.56851936984559,1103.0,1
0.61,44.837,0.395,1.987,107.73,8.589571655780018,126.0862426614583,1103.0,1
2.7372013481936963,38.44216952280904,0.5374220440358142,1.2990874274739603,103.07726465352316,3.5211081761635565,52.640105387255375,2629.952285484602,0
2.478061766617348,50.217001592011115,0.44100090465016223,1.7664738110441172,92.6660816224276,4.814428076808214,48.75422502042604,2212.301306164457,0
2.977450251694288,37.19078774704857,0.3505356562777426,2.0126656869540547,96.43039584193232,5.862884584416718,65.80335444894355,1522.4032012825087,0
19.826174167015246,158.45128266864415,0.14517968489270328,0.3669509182264933,46.03208609238489,29.49172719400857,83.34092615151036,5959.877362137334,1
2.139290948233542,51.43959967935449,0.2655006164973883,1.5591116367786033,118.738157892902,6.019241649022126,49.48139029769475,2400.010445291044,0
12.872710405548842,114.17945742187769,0.12818210898032703,0.20200131581796765,62.17898108873028,14.908436222230819,173.2158124650357,13170.571596656837,1
1.1192638152818097,35.186929087194166,0.29106568902064217,2.3100354195113995,124.95560310250062,5.090945857596079,60.01292151084134,1995.1100236387665,0
9.50952574602586,44.837,0.395,1.987,107.73,8.622397498497806,259.80972477286286,1103.0,1
1.285117051207718,39.198639584224,0.521876374156311,1.0741377797140617,100.87798904514524,5.657893918462873,56.2434960612635,2330.1316708655436,0
11.086151836417287,65.80718839001904,0.0002142514618765079,0.2348750058760787,60.211805333595535,30.886401125792528,199.90487587321292,6442.1597477664,1
24.112989345329787,174.2040759787112,0.05284905813788089,0.11293003268449722,20.745696359690893,24.943187183306826,193.73356375630757,4694.388762446219,1
11.95115298915868,44.837,0.395,1.987,107.73,13.628111095905592,221.95328901834927,1103.0,1
0.5165663513708072,48.86284428373218,0.46205720315428517,1.9851136192778758,120.85081386743784,3.259156281069316,53.96164321360681,347.6071785753891,0
2.203181953793164,44.84834593325294,0.39688733861507347,1.8250159722959554,99.19306903190474,4.934317937218619,54.30433138117243,1985.001778887567,0
10.706270709957638,44.837,0.395,1.987,107.73,13.757147313613627,139.81674589013323,1103.0,1
19.06756824684113,44.837,0.395,1.987,107.73,20.17492766653928,65.82975441965712,1103.0,1
3.0518481735234135,44.54078740080293,0.40701727341231,0.8180608565515132,124.4055877339774,5.529850061229693,46.69170904750004,2123.505291689306,0
1.1981850467466555,35.915118923443806,0.306962598728776,0.674019908062082,105.67243578468687,5.808406245579635,53.531111243943016,1332.5502206350995,0
2.64215817013438,36.553655267640195,0.30978110094004024,2.2671930886435154,119.54892602906266,3.0481094390397083,51.20940650924501,643.2194489794937,0
11.159484601510494,44.837,0.395,1.987,107.73,13.058383769385616,91.30499104746352,1103.0,1
8.917908849583354,44.837,0.395,1.987,107.73,8.591604266611935,163.88028636221097,1103.0,1
2.5761516591192346,37.37978540426997,0.3747455704055233,1.6423179886039079,106.10957938987323,4.818640865310526,69.91315771996548,405.65194113856415,0
17.193638165515548,169.38730681125372,0.023454321246731257,0.3255394490760799,44.0961169761261,21.06397370300088,136.93218969766087,7005.319164837573,1
8.73180193746335,78.5290249711307,0.027637297735901133,0.1171007162655802,45.26790696230109,39.731489860420766,82.09978567848663,3588.0557396552827,1
2.7523089476331672,37.13326704558556,0.48183142589952377,1.0501733173226324,117.0957251955549,4.980235441943487,68.22861793029219,1161.9675539259422,0
19.65710460099677,44.837,0.395,1.987,107.73,20.04327215812078,66.95818419213501,1103.0,1
23.395851435588725,66.8561491566445,0.08161890029446513,0.3221528563654956,55.41561070762083,32.021634665010126,100.0144802220409,12569.046647299972,1
2.592414385007851,46.562393119925105,0.4355834134645553,2.030161615159518,96.34420421172295,6.08304765719625,66.7960881936308,87.74184910367744,0
2.539091650500036,35.963567346819204,0.2604018112678199,1.344630069593427,117.88654768551922,3.677023700347689,61.0376120314063,779.4844138208983,0
8.92377935265358,44.837,0.395,1.987,107.73,8.69673007265997,425.53438982071015,1103.0,1
18.486531184531724,44.837,0.395,1.987,107.73,20.120293046752533,64.71692783853442,1103.0,1
21.85076458797274,117.6095757361999,0.1472132137383038,0.12921301873240126,28.1839456705061,33.061405696340174,122.00082421678145,14140.470623769503,1
19.776085447182005,44.837,0.395,1.987,107.73,20.015986800602548,63.58077640748227,1103.0,1
0.8730375242926111,49.87727151655959,0.5412820748813856,0.9365916941229886,118.88264256815141,3.1409993157229947,55.135570628478874,1548.849897593022,0
0.6180306220055289,37.075868538170454,0.3856597084850306,2.374362533303019,102.64624419907003,4.775321830409373,46.0393214762598,445.02960288626656,0
22.625950912281834,96.03188615966712,0.01692608167753266,0.3610074776560497,48.166338078617116,17.436119570675036,131.57975090156032,6447.092338524812,1
12.490766377627423,44.837,0.395,1.987,107.73,20.17311240121729,63.6515301860092,1103.0,1
8.668107854523875,44.837,0.395,1.987,107.73,8.624375552381037,280.9611119834567,1103.0,1
8.391520825715181,44.837,0.395,1.987,107.73,8.620651297171593,162.1017287670152,1103.0,1
9.620602013459274,44.837,0.395,1.987,107.73,8.621755706990578,187.8447384894064,1103.0,1
11.19878123593467,44.837,0.395,1.987,107.73,8.566381458754844,178.2352122580128,1103.0,1
22.33710426054132,133.28240933280335,0.10035802729754219,0.1378850417753707,66.74658983478082,16.37494455698792,172.9607524618158,6177.795861339826,1
0.7654775061557585,38.33170866112547,0.2635681866731614,1.218127628450202,105.54709158757927,3.949721611208636,65.71843772879824,1070.259980080768,0
5.975326376262808,160.4660990887822,0.06570661138580756,0.2027185369887579,42.788581661522585,15.014657009877343,170.79758592228785,9989.220922659551,1
25.60320757585753,44.837,0.395,1.987,107.73,20.192236451456967,60.08936922520149,1103.0,1
8.7810602717276,44.837,0.395,1.987,107.73,8.48234243911028,198.6257218102932,1103.0,1
1.1625583488890268,35.66180937653635,0.2608056454874279,0.9329213670010719,124.67081418024,3.988675603919593,68.76147926438239,1744.8668789675805,0
17.003334582699154,44.837,0.395,1.987,107.73,20.20530333830282,59.58000281276225,1103.0,1
18.49587555071736,44.837,0.395,1.987,107.73,20.212725005468027,65.69604426518,1103.0,1
0.5130898089509273,37.83820250870238,0.4639138151902956,1.8661322857985922,128.6419002051471,5.663632265877741,68.76931769328345,2107.621504604421,0
18.684181503769732,165.3051489184477,0.030526666249782966,0.3620083353524315,13.585736450703065,41.32377625442603,119.48885353528735,6775.051600968798,1
9.915072190832689,44.837,0.395,1.987,107.73,8.585609969889061,89.68478375504841,1103.0,1
12.680381479299163,161.79993916571004,0.11234985261074353,0.18169461915432483,17.0501104127424,20.315941314254367,190.49077412656806,9979.066054197065,1
0.6558697326628052,48.36672938952856,0.31040913464079234,1.0913795862872737,96.58825413729184,4.155752727050242,63.918787642215875,1558.157578511812,0
11.584899044200013,44.837,0.395,1.987,107.73,8.547008834913013,258.6844695175273,1103.0,1
3.016991983154032,35.19410571871925,0.46110993388871535,2.443488508479508,107.50645312592815,3.822406917485835,62.62177525108454,2451.3844260467554,0
9.921946602692996,44.837,0.395,1.987,107.73,8.571741187844934,221.00754245206224,1103.0,1
18.68232881436395,44.837,0.395,1.987,107.73,13.516263203822186,121.6323822438756,1103.0,1
3.053620742146306,43.41749095923756,0.3941759731979944,1.7255747908530834,122.98723863700596,4.217332227657676,61.95040381397659,1697.1958919873732,0
3.049877991509616,38.33617718400482,0.28766493696954315,2.4306119002012223,94.32178237505629,4.674718745375162,59.639093219832546,1624.1232627223148,0
9.467502494459612,44.837,0.395,1.987,107.73,8.592786456404735,154.37381705762655,1103.0,1
0.61,44.837,0.395,1.987,107.73,8.600849924925084,136.71520025764676,1103.0,1
8.951778992783847,44.837,0.395,1.987,107.73,8.643901301157209,428.1326016775572,1103.0,1
23.400763282181053,88.83545053771638,0.055573715558927136,0.2706764217534149,62.90253817831508,43.082884379593864,168.74758977335216,4039.4371302563286,1
1.188097331113017,42.97482258780884,0.3305686502360928,0.7918584029537461,96.69964356376431,3.5154644724323183,69.32691994780745,2277.877520755421,0
2.2536293397783744,51.47847080883104,0.363351764118156,0.7178698508946848,103.5722106923827,4.770760790118454,49.04807516580534,1974.3066541694761,0
9.824886720760556,81.02897607602681,0.03757244201246452,0.34177175276003247,26.78043139278659,18.32020362765489,140.51161529516378,13387.740436472783,1
1.022328006002253,36.67272604512775,0.44809081591040145,2.052308058221298,100.60185713300017,3.073307363608195,47.05429168691068,2903.5801045350913,0
23.521191196365308,75.21181915924836,0.14487484795774988,0.1617383130968265,54.49396650800978,30.040349741611287,186.13744731161108,9647.919066037572,1
2.431712760623392,44.01513626523569,0.26258536702949087,2.440128677429329,121.94856766618298,4.024877128453377,69.49925823397126,1805.6447689089664,0
13.894255537166716,127.0681237438925,0.14750111526213397,0.17248038293072893,50.87692663194603,35.627494886876896,152.8789300151679,4062.940075639729,1
21.727571548207987,176.80491382980944,0.14634028787349784,0.11958302726993918,59.31035936517415,33.32822781069358,157.68105612477095,4540.199119376338,1
0.577435720848461,37.29782691563199,0.5389345334767521,1.6441061182005323,128.6328864461288,4.5137425741554615,52.79540332713149,1518.4255885207324,0
10.548677220826075,44.837,0.395,1.987,107.73,13.825250116293727,169.30035742383976,1103.0,1
2.0350323263469985,44.045929249510365,0.2821516034019328,1.4500834969645637,111.30469065820093,3.848646762721554,51.731080773734526,1131.8524893138679,0
0.8075291839720378,50.93288428301967,0.45636571669024406,0.7288904122998265,102.03854267787266,5.478602310258486,46.683765036719294,1746.51138052882,0
15.90398049900561,44.837,0.395,1.987,107.73,13.715467507627237,97.29684348541764,1103.0,1
9.86599206179109,44.837,0.395,1.987,107.73,8.59334636550713,153.36813013019034,1103.0,1
20.443040552316763,76.30781394770526,0.05767737205593998,0.20408768511327577,35.90842570646664,37.79873425564797,138.1007638596089,12528.173403191553,1
12.367932206570382,44.837,0.395,1.987,107.73,20.282845819709163,64.32528408056768,1103.0,1
10.912632724590209,44.837,0.395,1.987,107.73,8.51435511061959,160.90595418259707,1103.0,1
3.122922002411242,49.120586927340455,0.31739721929253,1.3587319023785227,106.38691477170076,6.423772339842954,49.52229753447246,2397.473913314346,0
12.143913890790344,44.837,0.395,1.987,107.73,13.696123836053694,206.1758676996292,1103.0,1
1.7640710068312107,47.538899127011156,0.3216331437304907,0.8099008149496498,104.18488630563107,4.0053364707892865,52.407703011399754,700.8232531497298,0
8.906027041094232,44.837,0.395,1.987,107.73,8.651841125326778,222.56509281831265,1103.0,1
18.56508868215211,44.837,0.395,1.987,107.73,13.70612711379898,97.25209643868752,1103.0,1
2.8782743407184386,36.1737804073482,0.3922765062930861,1.665288760384005,115.13705826458349,5.410210702577564,51.33180958806788,29.93632997534812,0
2.777015847565793,36.74277138913006,0.4041563392620303,1.5668920556230062,104.77123080862164,6.265237018993853,65.68765799683052,2091.62814572891,0
2.9551412743386054,35.68236060445123,0.5169740129088588,2.4847292197534223,101.7626984870711,3.736114947000278,64.13408409645102,759.0790227607597,0
8.707286800069557,44.837,0.395,1.987,107.73,8.620701191867584,244.7629818160141,1103.0,1
0.743688904420018,51.873890523291976,0.2968604523791798,2.477999888530614,129.0911973026579,5.778363363678139,61.48557405204994,1733.421150753254,0
11.400322261747835,118.25558655147958,0.024376659794618442,0.3879237164385908,61.094884001034245,40.505057557845106,128.81284982864062,12148.334564486073,1
0.6316998279290154,37.81774625694265,0.38366249162256727,0.9974523842750629,91.99916114638715,5.952773824181383,69.5298132291029,2379.4286219902183,0
2.2487781704127894,39.30272616605335,0.38507627384286713,2.419403928659253,105.96141270569738,5.9393056233254935,49.71351514373128,2017.3814940750865,0
1.6236203565420875,51.16214320896857,0.46959818254342156,1.7374511199743696,96.24074561769746,3.545980821176709,46.45209030420499,2598.5284373248055,0
1.4946940972015814,49.5355134275389,0.3121227427632566,0.7352007418295223,92.76030370451265,6.292745821760878,57.67301094904587,1228.236215451055,0
10.746849611113095,44.837,0.395,1.987,107.73,13.81269658653313,179.35514514484117,1103.0,1
11.978820365529192,44.837,0.395,1.987,107.73,13.786524798249754,85.19770849619901,1103.0,1
21.910216216811207,154.8852682214943,0.07627185529620391,0.16987055159484452,60.7197985413236,35.99637272142457,197.69134092666218,4868.311173071195,1
1.3890728405398651,50.951367387072374,0.4956220688452153,2.4687776923759595,100.38683355801656,6.394032714792919,55.780846744788946,1042.556385941264,0
18.53744551655153,63.01183887952193,0.08942139743248453,0.3218743531665228,22.658193437197024,39.773526248911544,83.64245666396052,13125.754363899674,1
0.5340609343022572,42.967230913900146,0.2668909827045512,0.8257540409093367,94.7010498710842,5.272236057406222,63.65112198163558,1750.1062952914788,0
16.054802883169778,44.837,0.395,1.987,107.73,20.27509253616379,60.83777673748187,1103.0,1
16.455405533738915,157.43696067325652,0.04901083358529504,0.20488431964231668,45.78078984980655,21.04902534109685,83.19300392932209,11822.742217219153,1
7.919502137584204,44.837,0.395,1.987,107.73,8.394226834386352,255.62101170605612,1103.0,1
9.879895818315502,44.837,0.395,1.987,107.73,8.626759094854297,238.33216826436524,1103.0,1
1.8359157650079965,43.75189501680473,0.3577700108199297,1.726606617726362,96.54095490340092,4.368785378281163,69.23530805838219,774.4002981033826,0
0.9236706301194484,44.7049160862711,0.3055811066149971,1.129421819918569,98.74839201294333,3.63993222954086,65.64277378901667,857.1227029826711,0
1.055398786515859,44.21231610543209,0.5118837507629226,1.9912272841781662,122.262445914458,5.305741783487511,62.306914112946316,2547.586954695958,0
6.637890512840224,44.837,0.395,1.987,107.73,8.623950243236962,189.7792944944196,1103.0,1
2.526988706621219,41.73093284533115,0.4768761374267303,1.4629489591997413,106.49118911326661,6.271554704209054,51.27197749726751,361.34201998969627,0
15.400151449942168,44.837,0.395,1.987,107.73,13.836889283957614,107.3146907931388,1103.0,1
18.966906214368617,44.837,0.395,1.987,107.73,20.110310882305395,66.84710106858304,1103.0,1
3.3150213704631133,38.080962124816224,0.26994888021003327,2.008129233651112,112.97892452719648,5.946400718653952,48.494309415657234,2385.8019355796705,0
6.141981568903527,68.81789578857257,0.03290840837943694,0.23930507496464254,35.995055938541675,38.38983144609211,168.7369584660936,8115.819527888416,1
3.3338426584220695,46.615216480923976,0.39915242920252825,1.7739097563823063,124.75619937914873,4.997134113235904,45.75967649242092,2792.8460865209336,0
10.825943694343517,44.837,0.395,1.987,107.73,13.847134464596843,164.24605771876034,1103.0,1
0.61,44.837,0.395,1.987,107.73,8.586283938779216,211.5141512154537,1103.0,1
17.718526530550335,44.837,0.395,1.987,107.73,20.168971288909784,61.31672901158306,1103.0,1
2.626296965687463,35.14218259190657,0.3153002198741608,1.8572001479597273,109.35957472718988,3.018597164839211,65.11236606079555,2318.428719871012,0
0.6960984726931557,43.28871029244753,0.2600840800549848,0.7190410865651735,126.25749813377644,3.487358798911583,58.31051705688043,1233.2868078021197,0
2.1557205163234565,44.53594551610156,0.5129960807975036,1.3666174458035543,95.36060913802562,3.1007393670966863,63.87843139184048,1860.928654060394,0
20.18516928566096,44.837,0.395,1.987,107.73,20.30222218603033,61.87420419575916,1103.0,1
3.1102966217027896,35.36157998445658,0.5124105018052598,1.6049805546517026,127.56270794051585,5.795741325207828,69.94835276333343,1052.1354463551304,0
1.521812499743875,36.21910211041007,0.3728886684685696,1.1913132406204476,117.08482558940037,5.1202273730844166,54.1148432049385,653.6776627649703,0
9.014765627448822,44.837,0.395,1.987,107.73,8.59089485725048,270.4332282631953,1103.0,1
2.6209294623671484,36.06572356757172,0.5018015477068007,0.6072578530513079,99.87295476807608,5.59316419653225,52.90675374323267,305.6771641980406,0
9.011293191761398,81.91991035682605,0.043780076555459964,0.15182719548432622,32.761935892251195,42.05752949066188,153.8417408754289,7943.358583347163,1
8.954671080647293,44.837,0.395,1.987,107.73,8.632115628794732,855.5401931951008,1103.0,1
2.757405012759483,35.87199543268066,0.39776061421428677,1.440003365891468,103.37604715954994,4.381003103616234,58.248514673255826,484.10207516514936,0
1.2398109049340738,43.22931018507343,0.47423332197900825,1.5002386739560984,92.31377797788642,6.352264303458714,68.56810797735281,2355.5686294452253,0
12.098728677417684,44.837,0.395,1.987,107.73,13.754742790874907,99.07284414413238,1103.0,1
2.688034382263989,51.43637349658785,0.31728804498551355,1.8597896644265024,119.67585307834861,5.9694888268168365,55.56572992534023,908.7927169212877,0
2.221849598207031,41.679216851184044,0.25859572827329635,1.708179545393858,90.4521014635609,5.755801853522455,52.66082056758429,120.77400902769631,0
13.354171339459517,64.13563637826879,0.04104995773821865,0.39400163895904516,45.77551451396212,35.42132379843367,80.88293955504975,9218.46878619025,1
2.810474635271288,48.72164413520301,0.28606216873617285,1.1046073826213516,90.70209453466515,4.026580137731976,64.32854684796679,1553.881583137737,0
1.0727797552149305,46.80889630119337,0.3156146838993782,1.7310762052622293,100.5854010770143,5.31689130677854,65.37349321351348,2334.0757294339596,0
2.1427771284612085,48.89406208936239,0.38569548535549003,1.8227976208733971,111.05610643744453,5.5605633261436616,47.04074955076474,181.05625197169138,0
1.2956071030451763,39.14782393744442,0.5419031664257337,1.3468856768668447,125.68186220708454,5.20898519099042,64.87028258854122,1507.9112793155764,0
1.3874722924896081,35.018905601335184,0.3315863678194596,1.0139936212908136,116.47338340455993,5.217990599179352,59.836534567618095,48.730329628361105,0
3.3887806257127395,43.22027599423872,0.49179776493254745,1.6454304300968974,91.73650131419276,5.216029814579079,68.78508355516642,1804.8354604389936,0
10.845338448231637,44.837,0.395,1.987,107.73,13.813403431501488,91.8076561710484,1103.0,1
13.946055125052013,175.6897397793458,0.05660227158454674,0.17746804397799493,24.608022644005608,27.106232219236425,171.14241784603328,5471.858210261678,1
18.614753023549326,44.837,0.395,1.987,107.73,13.53243825011127,117.33663545002632,1103.0,1
8.377185787340707,112.58409895687416,0.0460631615040373,0.11054777508135825,29.388713036765036,29.955584590002463,146.20548464239602,7278.707054122664,1
1.8158462575687713,47.32938022705732,0.3960006824274109,2.259504152355155,126.02807456045034,4.476023244057094,51.92069493087629,1777.0509857800866,0
1.0986273527874353,46.56388012133195,0.27165952269375276,0.6582397541910315,100.30731554044854,4.619180348587607,66.70681263520952,2181.507209298924,0
14.18790325700846,44.837,0.395,1.987,107.73,20.3677835611243,58.3278634806645,1103.0,1
2.4702099936238766,40.52823109181981,0.48204193770598025,0.8486599553648646,128.79284180314178,4.588263394842738,50.9012615836616,220.49024199003796,0
3.255192626244674,46.04639679499309,0.281030234458145,1.3638517120876572,119.1575680042063,5.729373094035239,47.955465557277215,0.09215653614724761,0
9.081753223115205,113.63009343976924,0.12014080823121454,0.1540475943197858,16.591786824446977,41.16157093370366,121.15155953110352,11206.441498908383,1
19.178000125031648,157.96805773903748,0.1285543542495867,0.2245321530564798,15.36039413751201,26.446788750887457,107.68815082484645,6494.35745995949,1
12.041248418506896,44.837,0.395,1.987,107.73,13.69092821406574,148.71451276265827,1103.0,1
2.5641366712223865,37.04658883941451,0.5315589350419392,0.9442482301951574,114.91013612959364,3.7793662769307974,52.680410425531775,1639.3756251843731,0
18.44664048940644,44.837,0.395,1.987,107.73,13.522437679703351,85.28828354895086,1103.0,1
2.4002025629501773,39.082475519229284,0.27275899843259915,0.8448714716302335,95.1218335583109,3.53165942729303,48.470679316235255,1922.6242344096438,0
22.390673436299593,77.5821926639129,0.14215292655964193,0.1656315125232639,29.573230418855893,36.954343725523756,127.2506169878488,10298.536521197359,1
2.016562375170471,43.63188324920567,0.291511478416167,2.4672051277297333,99.99891563475319,3.256774236108609,61.578656224380225,1786.099110470618,0
17.99827825894783,44.837,0.395,1.987,107.73,20.04685722840345,67.69983822600912,1103.0,1
17.148055592998766,44.837,0.395,1.987,107.73,20.22510950578542,58.6240645672768,1103.0,1
15.213938312147713,44.837,0.395,1.987,107.73,13.741174296498508,82.40725112215287,1103.0,1
2.0175580788554868,49.2919514761904,0.4698404634298752,1.6302506904345115,113.61390761835091,4.77926191420698,52.438711282970516,1695.0659785770483,0
19.15123701740925,44.837,0.395,1.987,107.73,20.033709666114525,64.04234729208441,1103.0,1
2.8422847582053192,42.816607204078444,0.2674491386516427,2.4902460026225577,92.31122243985466,5.432623301004936,69.59197313158535,717.5403126477769,0
1.0024477467772093,36.777653285684806,0.4409290748630911,1.9423038803251123,91.26344579302568,6.276742861852915,46.29928209128681,1623.8890059032115,0
2.8015648667933806,41.832825531357116,0.3939626860911727,1.7922603801149033,124.94708456745354,6.444292142197533,64.20683534661296,1253.3003465020013,0
8.893408082986438,44.837,0.395,1.987,107.73,8.668937483658613,904.0245207699928,1103.0,1
2.5644041182596267,42.439253108941664,0.32640118661381534,2.197656000909253,91.537053958493,6.156166972473983,56.53693661561835,1911.6044304248412,0
6.040475100588938,69.20575483708993,0.0005877562426639893,0.39983820431790196,58.13642182884867,37.96185948620685,141.16712903458156,6600.804994865279,1
18.78467485619964,44.837,0.395,1.987,107.73,13.4974174579329,134.3764350928345,1103.0,1
2.953502648525065,37.043553941300345,0.4133467293882549,0.6109414549464309,102.98343319601081,4.282615372049893,54.90431729023138,2086.4016200695864,0
1.7588001872833696,39.21142682151968,0.3567918035953785,2.039907609882301,90.57573954519023,3.406254241774207,46.15006605054382,122.1864069569104,0
13.24732646658596,44.837,0.395,1.987,107.73,20.25331469593703,63.936963531192326,1103.0,1
1.7022891826259778,44.513885632239706,0.29657207377921374,0.9456634479410151,124.47142484054069,6.311404117467715,54.332732906993826,812.2340194306613,0
2.678274001167985,51.589485350863086,0.4048901044903586,1.2136172985883673,121.80744779074814,3.9479128794172595,55.9742855176409,235.36914402679787,0
1.7009385085189823,48.80172410817646,0.254158640773858,1.8338197584495823,116.75506124162742,5.795295231248228,68.31882347650783,60.41354684786948,0
11.797853610399764,44.837,0.395,1.987,107.73,13.94848695378369,85.29445069682855,1103.0,1
10.988462496062132,67.51937468834586,0.04075763983472695,0.34478673682456207,32.69893642991557,14.917099915843027,121.06706297346855,14776.600010895361,1
24.230874457622193,155.9077061657813,0.06894491315346903,0.16708076449710135,66.00730631499113,23.37168765899007,99.31813180248497,9757.972661447458,1
0.8176229546393879,41.03326061927142,0.3739517551623159,1.8840635576977398,116.32639297190295,3.2453784887443993,54.881482885778944,545.3366016520857,0
0.5206338866589479,38.61160371232304,0.44905707817403573,1.381275228876837,106.09625037197247,6.0960541088036475,67.38907120329597,2727.525792160757,0
10.620498185412716,44.837,0.395,1.987,107.73,13.79842307566378,142.4337712846407,1103.0,1
18.55500367077672,44.837,0.395,1.987,107.73,13.528690833193746,131.54222636529244,1103.0,1
3.2012541714899916,45.76272477364556,0.3517089373146102,1.2634981917640555,119.03822715480958,6.139885909834019,67.17716060662794,2339.6266375728715,0
21.367212827904332,76.45977438040211,0.12117471777399334,0.30786352830899566,43.35224885193756,35.084419723284874,129.44212867419878,4660.771031617494,1
10.570893903224995,44.837,0.395,1.987,107.73,8.58007441258284,301.68953688795364,1103.0,1
2.3543847213736875,41.08876620655829,0.2840672776598887,1.8759890716263192,110.81230803615173,5.703114371074737,58.00408752779983,2556.54450095562,0
10.624195289149563,44.837,0.395,1.987,107.73,13.810563043941947,182.60367355659585,1103.0,1
13.656798421143446,121.94280913722478,0.07154750889264806,0.21676258558703165,63.245472122221614,41.49980585210969,120.29796375698415,10380.837048176376,1
2.7627447790462423,41.68431841747468,0.4271913501983914,1.8559270830699086,93.13823265268496,4.905739356863528,62.73302071181524,501.9639120031811,0
3.098304636133504,39.9204718675313,0.3903043637454631,1.7768409417963538,106.44761903477965,4.496202589315938,53.25711668755211,1692.695450053608,0
14.285530168194716,44.837,0.395,1.987,107.73,13.78382045291232,85.6246830562233,1103.0,1
14.057667208310233,173.21438855512804,0.10152300654450705,0.19047606096206549,21.298151495026385,22.02325652542828,91.162089111521,4726.415596119958,1
2.4455144603560646,39.5458344735782,0.25453320526434253,2.4335292019634966,100.0357218276441,5.366092008183916,62.66574674696774,1830.022251238457,0
20.204559105988263,44.837,0.395,1.987,107.73,20.040434599805565,66.45210018045046,1103.0,1
18.651841966002213,44.837,0.395,1.987,107.73,20.10537219585257,62.06942144609922,1103.0,1
17.56060929139074,158.74244915155543,0.062344167304373276,0.17749012873827769,62.02069641463603,34.08585362777755,133.7702584739692,8854.802343351621,1
1.8749707837627263,40.97072958492927,0.27813295787710496,1.5236479219083559,126.82958601370541,3.140206916677431,52.28652283734485,622.6228086171104,0
1.0526745177140784,50.197825070133796,0.4462877656974886,0.8889981381223184,107.61293673473396,5.153543087744307,47.08660212473458,2647.249105222016,0
1.0068051892164935,39.7360357635433,0.30310314528302407,0.7685348141384056,94.82543484402403,4.612725688114541,50.158342960144815,1092.8095831442263,0
12.099463336800598,44.837,0.395,1.987,107.73,13.654589516762096,154.92327093875514,1103.0,1
2.7651257862388348,42.82917145366038,0.5025995658670185,1.984132286607065,121.05789785998898,5.29656643188375,49.43571923674267,1635.080756690815,0
2.242097253662855,43.59364892662769,0.2932236358039599,1.7855971225050666,100.94561671443087,4.7074201149040436,47.056808106926546,1378.7521716408692,0
1.8317583635191335,35.37252658917515,0.3403138233502939,1.554999360997248,92.24704309389756,4.718835052841078,68.17776572146069,316.17965432341566,0
2.2560630931902566,49.7606117687254,0.3117523630110305,0.8126472768556829,100.78998446067959,3.199803996312602,58.2792382000258,2809.8170768848845,0
17.80894547986506,94.2702579796215,0.1436956599723681,0.11002707173065113,44.7875706299773,17.494617052634,165.46642462125902,5110.683401023945,1
8.960599444901643,44.837,0.395,1.987,107.73,8.699144569679934,242.3173789603073,1103.0,1
9.820508574636976,44.837,0.395,1.987,107.73,8.557407724724674,167.82542323038484,1103.0,1
1.9496962276263055,51.77723107160106,0.476370808361721,1.072349280765282,111.5357991714783,6.472474738175039,66.43826519379809,292.1006813736633,0
3.351234452229676,50.134484326145575,0.3866970258357139,1.7782519358229196,101.0952473192453,3.6584240590331647,56.592460123499556,1060.0566840781585,0
10.722526901477767,44.837,0.395,1.987,107.73,13.847134341060093,262.4169912958862,1103.0,1
8.971643414757605,44.837,0.395,1.987,107.73,8.665671988957296,241.15648398851084,1103.0,1
10.377230899580132,57.62961280755858,0.10842588058503184,0.1097459790070495,45.716610466243274,29.793395206201374,196.25776286933655,8810.5576721717,1
0.5372121088319444,42.9690554128966,0.34037957822800013,1.7368792201657417,101.88951230834469,4.049716890274446,63.579829968290085,144.42850793506034,0
1.3596237563848532,45.044165429673185,0.25915007498171483,0.6709615586235074,122.90402242638633,4.26066724493942,48.17651281629712,1566.7297801644131,0
14.792901689537024,44.837,0.395,1.987,107.73,20.49020518771126,58.92025147226807,1103.0,1
6.297985590768189,113.21569720843719,0.03603675276964558,0.2409412964346045,37.3279343203817,31.210778492886487,122.81245884191014,4971.245393471137,1
6.627476770085614,44.837,0.395,1.987,107.73,8.63564668735667,230.8368130186157,1103.0,1
14.449992867611622,44.837,0.395,1.987,107.73,13.74825145230037,107.60660158005504,1103.0,1
18.671967902623123,44.837,0.395,1.987,107.73,20.14308353688622,67.47717457963337,1103.0,1
2.9090776934979905,44.16574170347933,0.3433923097468011,1.759634188290745,118.64602696892774,3.9541840025673682,55.33872753813379,365.65828001084265,0
12.268993162535036,44.837,0.395,1.987,107.73,13.713698571553842,188.55025756668795,1103.0,1
2.2907320716399684,51.992480955257456,0.4808346682246142,1.3559448357331116,123.10212209096187,3.5974792715936807,45.761592157724,613.3451173928191,0
12.437005931877804,44.837,0.395,1.987,107.73,20.25740963104345,63.73534222434576,1103.0,1
17.006645258064125,44.837,0.395,1.987,107.73,19.409437378763457,67.28926874819969,1103.0,1
17.536658088301344,86.64986337660127,0.12055401778159536,0.3453466220698572,68.73684135127971,28.561694523808622,134.59482556732846,12041.707265357767,1
20.391097316309217,44.837,0.395,1.987,107.73,20.06806960954739,65.07900635052384,1103.0,1
2.4449540223562867,36.25979218377274,0.36264067853995013,2.127247635867549,107.33888931022537,6.490138238660327,58.97648212366505,963.4864579078604,0
16.120288814528365,44.837,0.395,1.987,107.73,13.817427904564369,80.22658182779847,1103.0,1
19.912764831697768,44.837,0.395,1.987,107.73,20.260100159268152,60.54755766441972,1103.0,1
2.372446723547402,41.95999808725109,0.4156141542555941,1.4286404053571018,101.7786303816767,6.319586574367548,64.09014485399402,420.33952729935766,0
3.2246854661009685,47.89816045978665,0.4291465917970906,1.8428522003529597,125.5651169576004,5.025823640791792,60.809783108209686,469.43014801080176,0
8.993394760812933,101.40886506317423,0.07525487490096372,0.31764045053504886,16.79387339554752,25.41009137415623,138.20874909712344,9489.924767658476,1
11.561839172620864,44.837,0.395,1.987,107.73,13.270471072214455,84.54832585740081,1103.0,1
14.646324327411682,44.837,0.395,1.987,107.73,20.24356130652215,60.103186647072015,1103.0,1
22.870199427866357,149.5986528627996,0.049800105317651874,0.3233326503512661,19.118810948443073,16.3004936070126,121.47524444433907,12692.428428528685,1
1.9147285656504751,42.00129554050356,0.3546604799628986,2.366105374070869,123.22477631150917,6.377594187332794,48.107430587138616,2192.6024256109326,0
14.381065017948366,44.837,0.395,1.987,107.73,13.790709482478835,81.83034680130989,1103.0,1
7.468997316207102,80.74750448462021,0.00014151229014466304,0.11177951549459808,68.63702939061577,19.997671939513154,159.59728514048024,13069.196385595338,1
10.023840092089344,95.07094825206238,0.02024677291074631,0.18885302966769957,44.33702887252007,26.58117236700511,121.60625134830934,11957.425546285367,1
17.929691377333082,44.837,0.395,1.987,107.73,20.05179565907337,65.93541976548023,1103.0,1
2.9519159366397103,50.81677314287853,0.27860827638190105,1.4551114149098279,103.49817115856916,6.047409594101038,47.08812286700047,633.3778276741123,0
3.1616382277289796,43.02765372775314,0.2858782737814905,1.9551650957236903,120.4314019446759,4.964470191493237,64.27417949886403,1481.3867890931722,0
2.793322184226513,41.96440790739187,0.44655211435730147,1.0944495361719357,96.37969050165434,3.5616191499492924,46.762298641078615,556.940114703729,0
1.9630012058637933,46.08781241227303,0.5351593157758612,1.7412370264418762,119.74375664706238,4.77193120823321,60.85260078440828,212.79664840132028,0
8.974881455428136,44.837,0.395,1.987,107.73,8.717311667274371,149.3275992933294,1103.0,1
12.321071768070464,44.837,0.395,1.987,107.73,20.20761211053218,63.71062129600573,1103.0,1
5.829946510198127,95.25844189946622,0.08396169920005124,0.3573804741991987,50.01564684752084,26.3680786721918,194.37441372729654,11630.942406909982,1
12.711050029833386,169.42702518333795,0.11429015636146456,0.2515346667232019,69.30223400329427,27.35415853210547,86.98853969843303,6147.291861779819,1
12.483784428945423,44.837,0.395,1.987,107.73,20.205838362759263,64.03143897032348,1103.0,1
14.875328351999924,44.837,0.395,1.987,107.73,13.784607451505671,83.5342914507692,1103.0,1
2.839552966680049,35.67352003092207,0.3941520841773487,0.7993673389945322,99.6818006345011,6.453319076435013,48.56238857253783,1496.6644603540683,0
10.66535116754584,44.837,0.395,1.987,107.73,13.768100716654397,247.4601116076176,1103.0,1
10.777284702737347,44.837,0.395,1.987,107.73,8.572870600849715,271.0924310741729,1103.0,1
1.8868866830018216,42.00001420693665,0.4452920401452863,1.6363205518731205,92.49092423527543,4.793759270696161,65.16009043082099,1377.7196327908741,0
1.3027780301839145,49.2031638376173,0.25440801659648615,1.3202786924766787,103.49382187076371,3.0676467082116035,48.10920997501275,1240.9280247559059,0
6.272028727555947,123.9609959758077,0.1261644255924152,0.39905478528443206,35.82059042134435,22.569858502392503,188.79839563423985,5294.905548913457,1
8.377053390127397,44.837,0.395,1.987,107.73,8.592144059728716,236.098410915694,1103.0,1
1.3800602643230295,43.932995225050185,0.4593498356515511,2.3105018112839337,121.68764779206704,5.367263737554534,61.99082955987859,2837.7739320962596,0
10.548074487663104,44.837,0.395,1.987,107.73,8.612676357761513,234.67319433114588,1103.0,1
17.858578247401923,44.837,0.395,1.987,107.73,20.16395159152166,59.5476198904831,1103.0,1
21.053124883044397,85.87067655838281,0.13494187340584726,0.37324726609911885,66.59860671244898,29.16760614040197,161.25125417403734,12342.190560739962,1
17.012710680437444,44.837,0.395,1.987,107.73,19.36993936121363,67.20580823631686,1103.0,1
8.885307877156814,44.837,0.395,1.987,107.73,8.668292847966345,293.581412743324,1103.0,1
1.4447553337666872,36.642962182891786,0.30306908524719517,2.4759387013011374,107.76414227626475,4.861551182767558,66.84046321843039,2986.7067014720633,0
2.5728132143073976,41.57450088710914,0.5310189966210204,0.8612897938773871,103.64265404201034,3.3971573243420616,68.11734045696407,2632.018060142943,0
2.1922220865005535,41.09583384592284,0.44698932211236286,1.056757934497663,97.66371782939304,6.21383680336403,47.545092073738424,1517.873723204795,0
17.064908453680594,83.40763169495779,0.08156806055876203,0.3084910399364428,40.910021703195326,44.679410629303064,153.36099874972714,7451.684551106028,1
3.195681814024518,48.31437302607664,0.48411283707129416,1.4701919421067857,105.92021171818011,4.060205050916174,46.64237147385914,684.7060904810974,0
2.2794746571184046,35.90691594881126,0.38642930276579834,1.8820939741180798,117.10126455534738,4.305929164478343,68.54229966645076,502.071096710343,0
2.902942101210095,36.775726807702576,0.42305721433981014,1.481565226517086,94.74836382036446,6.431988794712533,50.36739718658389,201.70254027168343,0
1.8493539464639674,38.308582700953,0.3603278052631869,1.3868465298049613,123.10151582267497,5.5676503319649076,64.23262234103349,33.09379328594164,0
12.094922177560044,44.837,0.395,1.987,107.73,13.686526329693272,242.6540856322016,1103.0,1
23.14926352692851,70.31017710628716,0.0801054169806985,0.3638388080535677,34.60142720450458,27.905832285184616,88.455281320035,6337.72368538693,1
10.7341613008112,44.837,0.395,1.987,107.73,8.616668406665474,259.0973785177399,1103.0,1
15.647204697226298,92.9205352767713,0.05892586147221035,0.1538953653866026,44.68432612074475,43.61331865721339,140.3687120325931,3994.974976733774,1
1.196638085440452,50.29276774566766,0.36516736641196346,1.632750436116578,126.25888443858187,5.184832985698972,47.9224510177091,2819.4963708404252,0
11.737722372971463,44.837,0.395,1.987,107.73,13.913593856173607,89.99810661747131,1103.0,1
8.248174195151815,44.837,0.395,1.987,107.73,8.682620822045195,133.56814125648626,1103.0,1
6.557093227418884,44.837,0.395,1.987,107.73,8.63147979353688,101.81509153419915,1103.0,1
12.365267135679384,44.837,0.395,1.987,107.73,20.206295230766365,63.77551521617227,1103.0,1
14.84943982545004,44.837,0.395,1.987,107.73,13.782649803093324,69.01837965014182,1103.0,1
1.759181950778367,45.85494111028945,0.3692783193888383,1.121008884462473,129.35910591839314,4.432669022102651,67.35248009197836,689.8638176732585,0
6.531644739338974,44.837,0.395,1.987,107.73,8.63498008334579,190.5830768168809,1103.0,1
14.186873111879128,61.88769189485389,0.0640342091734954,0.2407074819153651,65.71333197364817,33.15584141821127,117.39834999855788,9303.819173408658,1
24.833722807854713,151.30472534904212,0.03157927326609195,0.2504324421093732,24.017485818913993,25.515510599662804,173.61008284819576,12254.697783484844,1
16.536394720544006,44.837,0.395,1.987,107.73,20.17646160196902,61.37156875538656,1103.0,1
3.3372491066777905,40.31963231648999,0.5075519363654664,0.8502051165287934,118.20163625414371,5.59692205329895,61.943081030033014,756.944208405459,0
13.09107404920037,44.837,0.395,1.987,107.73,20.196877358760474,64.5937660836396,1103.0,1
6.375078128449749,123.71465689541388,0.0625746418463553,0.36332482145878753,22.239676216563243,39.273332113242034,146.92264294225433,3655.3236385616283,1
0.9393087698084484,49.15980516476188,0.4120889595370922,2.204865227271426,107.25206825364059,4.326641698840623,67.87651831293056,753.5078026452039,0
1.1249461700255539,41.04246873518905,0.45076570897746004,1.5192248257352299,106.73558133513333,4.252339372674576,59.84451579858631,1726.7802859202461,0
20.860351304482244,44.837,0.395,1.987,107.73,20.14683471566713,62.19410961224569,1103.0,1
0.5410472442820433,36.38717824008225,0.3275774773404352,0.6529192575600413,115.25501304193004,4.492394248805679,58.70363006820055,523.9415576889886,0
16.114660800633924,44.837,0.395,1.987,107.73,20.272463053136715,59.41575515132379,1103.0,1
9.35329625125839,44.837,0.395,1.987,107.73,8.615229657023168,127.6680472677182,1103.0,1
21.016361997195006,111.39125872473018,0.1078048898959194,0.2758706496342285,39.542022922074935,18.346420501883568,135.67235161458692,5949.8230442708955,1
16.009354324446242,44.837,0.395,1.987,107.73,20.177429226398385,60.83223576537026,1103.0,1
2.400434659478442,39.384090652364435,0.29180682222184723,2.1863674499186683,129.37608722814207,4.8399156380594,49.29198214620759,816.9219795581068,0
18.5326463051601,44.837,0.395,1.987,107.73,20.129749876231863,68.31096899239586,1103.0,1
6.641213282091674,44.837,0.395,1.987,107.73,8.633240034525821,189.14140546839835,1103.0,1
11.866082945517322,44.837,0.395,1.987,107.73,13.771388168220389,73.3071422439855,1103.0,1
1.0261138358703488,50.545003080724314,0.375631157467622,1.3279632036740452,110.75670821131351,3.1643808837126928,49.157084218901986,2214.100849279111,0
16.883226413883545,44.837,0.395,1.987,107.73,20.27558857853993,60.28622084039458,1103.0,1
16.15989931608685,44.837,0.395,1.987,107.73,20.257453238822844,60.86995968521822,1103.0,1
2.6429799072049924,42.84917444482302,0.5262983563289728,1.9197313117812422,119.15924246623266,6.015918163255709,51.851789733554774,2421.212711600109,0
1.9135036967984438,48.967827261078014,0.38777955915196416,1.2798167041183395,109.768497890012,5.898872383530264,53.38020118427182,521.2847794072314,0
17.132352778916005,44.837,0.395,1.987,107.73,20.32563558590252,60.67797048212728,1103.0,1
18.999743107067083,44.837,0.395,1.987,107.73,13.533297185100093,126.74966626333128,1103.0,1
17.870746161587995,44.837,0.395,1.987,107.73,13.724272856896768,96.3383550957886,1103.0,1
15.87646390076349,44.837,0.395,1.987,107.73,13.840400970400882,89.11882818663724,1103.0,1
1.0873734043678893,36.17914211487781,0.280233400413228,0.6346214687379444,93.77771843023713,5.390523706957249,46.77971621150572,956.926890881284,0
21.321135142286472,109.00841063332722,0.11945860839295633,0.2786244404860325,63.1957264901439,25.561104227553628,152.51653037857747,10560.224167425928,1
14.073441106297954,44.837,0.395,1.987,107.73,13.796037246076216,98.22166199555063,1103.0,1
10.831634254257432,44.837,0.395,1.987,107.73,13.847396325431449,226.7742888584375,1103.0,1
12.521520962152174,44.837,0.395,1.987,107.73,19.43064335476921,60.607699961973495,1103.0,1
15.098656081788002,77.05148880348577,0.1219099356457019,0.26252809598230464,17.864791702282186,37.28318435223167,191.8932774052821,14367.682790843544,1
0.6951547789558385,51.13105413330666,0.5396896099223678,2.1359549614212763,102.18455076693482,3.3418523990223434,62.10582566280392,1320.4574812188039,0
12.147285543431051,44.837,0.395,1.987,107.73,13.80258808162082,100.7301727949894,1103.0,1
10.362864592238417,94.45856014550824,0.018787684664431193,0.29665299155383384,12.387827640139154,31.72351707227415,184.36350618219606,13689.985779475603,1
2.879784051314763,40.38494851014795,0.507153777099626,2.321672184054956,101.07617949511236,6.442325154503277,48.51778820121896,606.0470052074699,0
14.086595954495278,44.837,0.395,1.987,107.73,8.600127833385637,200.62020916991787,1103.0,1
20.663200580558055,76.01476219971565,0.07683908458143908,0.2462124423763735,47.505493161191716,43.22416750171162,149.57257301149755,9482.607201343424,1
3.0939767655744204,37.633730289438525,0.274821050685457,1.5206221906520205,102.09678045114146,4.97192927569349,65.09512226208687,411.4454644582295,0
12.38000736267458,44.837,0.395,1.987,107.73,13.80921043341525,94.50512126637372,1103.0,1
6.670077469656489,44.837,0.395,1.987,107.73,8.63293989689012,147.33390420529489,1103.0,1
13.790908160674164,44.837,0.395,1.987,107.73,13.790599190427477,75.96714297920823,1103.0,1
6.982922245552478,132.8692555229227,0.06703112928006584,0.3333954914712811,23.22822885996219,17.430679928168054,128.75986771565215,14119.024598620574,1
3.452039489631393,39.90289244291868,0.5383406456222779,1.3400156003145987,105.42047618947689,4.19135486489077,58.53519018368963,462.4351295354613,0
11.603685455584817,44.837,0.395,1.987,107.73,8.551438065027737,138.641014317231,1103.0,1
1.1014235465852082,36.857491575263566,0.5061885900866268,1.4343846516041219,123.87875416828243,6.1258157181839525,46.56143984047679,2650.394288958182,0
1.5376491708588702,45.55556380204711,0.26372261014375387,2.255919931689515,128.9395587670959,6.39107249349992,63.741295793573116,390.2587203918959,0
9.490394212905104,44.837,0.395,1.987,107.73,8.605776355865789,242.7852458375196,1103.0,1
2.013367825008066,40.3072255216752,0.37823995845000674,1.8259152941048615,119.80858970763339,3.812786418154701,55.133134016173834,807.4847129748875,0
0.8093716065077978,50.34339941355263,0.40157571173435713,2.170269185604709,102.80198404122447,6.134331299736702,54.73004196835408,32.51295444089508,0
11.790203843067708,44.837,0.395,1.987,107.73,8.567251849493017,257.06056922108905,1103.0,1
20.26485484260767,44.837,0.395,1.987,107.73,20.082126558677032,66.45855259009939,1103.0,1
12.139694880373826,44.837,0.395,1.987,107.73,13.765743834080611,88.52900021275127,1103.0,1
8.881285153378268,44.837,0.395,1.987,107.73,8.672369308709758,2899.3220586471584,1103.0,1
0.8596732804181363,47.4937394057132,0.40943647425679164,1.1470961510843858,109.71278338131299,4.0497972442195795,59.90204888095765,1301.5317685657326,0
11.57663659032494,44.837,0.395,1.987,107.73,13.259609236921705,85.4172069260928,1103.0,1
14.109553514847686,44.837,0.395,1.987,107.73,20.327400016219126,59.51105260570948,1103.0,1
3.358445051007518,40.55462321451069,0.35632748463791647,1.5607048915017216,127.64483250134694,6.067118015998091,47.564199064589744,1178.1922298142485,0
3.0483392186772065,35.76494596100221,0.4702453777124939,1.248505427305099,109.1411347967809,6.25100842445948,53.299287618396136,1396.010801818458,0
2.883546633472246,47.02047011353387,0.2650678034391921,0.7385134871990167,106.11493130530548,4.033516729167801,50.8096080764012,843.0134967261408,0
0.9346846162736693,43.320696924718575,0.5456951362331803,1.0599050158718508,116.88542189623514,5.665668653650512,50.94093859980999,2184.649045835579,0
13.13830768287642,44.837,0.395,1.987,107.73,20.352326957622264,65.07183110480854,1103.0,1
3.170016025452699,40.74591766647611,0.3626748857919832,0.778565685697651,113.13120563984697,3.1257979582885973,56.639950453311506,1627.93390412273,0
11.906848983933402,44.837,0.395,1.987,107.73,13.540223817560353,97.5265941457725,1103.0,1
15.982309698352058,44.837,0.395,1.987,107.73,13.807546115380942,85.67473945967933,1103.0,1
24.31219662761768,97.69629837894598,0.05077603191382093,0.1021275438323113,50.81504129982244,39.239516559704754,97.59299604320037,4915.996192405809,1
2.5762209410731067,38.50628593521459,0.3675578119564078,2.3017820774756794,98.17265533595881,4.777317723855727,55.48179152915055,54.3721231371892,0
12.185349496869163,44.837,0.395,1.987,107.73,13.689239993334471,158.5870817192194,1103.0,1
0.9304083710540602,37.57457387290108,0.37983144530254564,1.731791665906906,93.22461620678408,6.28849006158808,63.878340436129896,1759.871754850988,0
17.709712721269977,44.837,0.395,1.987,107.73,19.37411819090071,65.65478123993466,1103.0,1
8.490927805155424,44.837,0.395,1.987,107.73,8.677462037684075,250.952283422308,1103.0,1
0.855008572770162,41.9683831248369,0.5019406856906852,1.3292826086727836,112.87489084908746,5.057192763017694,49.611906328340986,1086.706324956865,0
8.957975832303196,44.837,0.395,1.987,107.73,8.65110022109931,288.54075345325094,1103.0,1
18.00694177648727,44.837,0.395,1.987,107.73,20.167928804540388,59.395615035143344,1103.0,1
0.519137130219772,51.63203137996656,0.5397241629459243,1.3507950651973797,119.13483417358584,4.210321344436487,61.7773289271494,2416.290129137937,0
1.13931411207525,35.52927940903669,0.4455000476127655,1.300200053075146,124.57432999358548,4.65623467342045,69.20483569786805,556.5765471093634,0
19.03518509354649,44.837,0.395,1.987,107.73,13.71105166618743,77.10622299724702,1103.0,1
14.95305016267066,44.837,0.395,1.987,107.73,13.908228464159093,89.05288067569853,1103.0,1
14.67761436743556,44.837,0.395,1.987,107.73,20.24204956298909,58.905809840297145,1103.0,1
12.29233624027407,44.837,0.395,1.987,107.73,20.308164003098323,62.77342324533576,1103.0,1
0.9613511165396486,50.064911998951885,0.38755556865610463,1.6727222139735805,116.5210881489259,5.376733115734731,68.2935100829127,2990.848252235009,0
15.669604174895657,129.5491999615577,0.05490423986197729,0.34213210609585387,41.397174958014986,15.852680791370252,95.48781497948755,9442.30975803142,1
2.056371865230098,46.95132230121803,0.3590888807137882,2.446385957169825,128.49789179768445,3.8812380353887743,57.431212647309636,902.634929450309,0
1.0417260353820006,44.6550689193947,0.5246464892764127,0.6644973593130178,117.8968106898736,4.040721525803928,68.10990488441325,2913.1747354961035,0
21.850690167036035,92.90102421995937,0.06441718456180538,0.24121178419478126,19.442295000994626,13.025248298067059,193.628347935262,5888.551027962081,1
12.180684675444226,44.837,0.395,1.987,107.73,13.689168490266484,212.9428182528261,1103.0,1
14.4263903169728,44.837,0.395,1.987,107.73,13.729513822634608,89.54559707268483,1103.0,1
13.935443176792138,55.8870665618609,0.12290973464497391,0.20794747019096996,42.445937878032574,34.350922649076765,164.31554917254988,14471.760705912868,1
0.6808021708686826,50.88541245569374,0.3554868061718903,0.7926995740535113,109.43487036745303,3.8987179870217776,52.12182254904807,921.8698947788597,0
9.641152790432551,44.837,0.395,1.987,107.73,8.619597394715077,179.3217045597704,1103.0,1
14.055886666451,44.837,0.395,1.987,107.73,13.788381025870176,73.98185318630057,1103.0,1
10.250205809663314,61.54339730391413,0.034646896579209545,0.340574185850838,61.0893508987928,27.941186091378988,129.92848044904235,14734.24432202138,1
17.28998920510385,166.55863674400146,0.011794006648463706,0.19927442973405857,24.897248777850756,44.604460748158914,126.72677356002481,11791.352390884786,1
14.663040302626518,44.837,0.395,1.987,107.73,20.239491310486464,60.87669743683267,1103.0,1
3.4097361383218114,36.59631216842011,0.4517806354675379,1.443125416678685,124.72569017510021,3.620024263065851,62.315648805654114,2514.3458689443305,0
3.4641078984667755,42.71802756033395,0.45648227073407116,0.8670506383988854,109.4235879863759,3.096378519543129,57.63637794776125,2892.052221353107,0
2.26505666294946,41.76063504536193,0.5421401240071448,1.633977458757034,101.00956724148033,5.483036026218912,51.787300063567784,2712.7298742226953,0
21.686495914987972,127.16917515245846,0.09696110628421335,0.23750904382789187,41.72243919304316,13.134436325606933,156.67556263679415,3977.36655469391,1
19.0219517472854,106.3414429363765,0.07569559319661523,0.1022059133663281,51.50320684808133,33.824308405175906,84.60810527916135,7419.001288741597,1
14.700359750480825,65.6753787703402,0.14586920850418533,0.2554031294128294,46.85117465914068,19.80812282934774,138.01977021281647,8149.793903499863,1
2.686334163351942,40.50001701225336,0.44951679670198935,1.6574990141540913,103.7092370171163,3.471016934864377,47.36047244151202,2494.554999336671,0
8.256139495766645,44.837,0.395,1.987,107.73,8.668137155570932,224.24357533947125,1103.0,1
0.6510485809080597,35.897009383613245,0.45760337678399643,1.470065089424653,99.06086504144423,5.148896072138314,51.32145295625278,1732.8952630332678,0
1.1015741801010102,43.357107294604425,0.2692626811225402,1.7057456636373578,100.75973617740391,5.791456852230159,52.75904897308934,1365.6604472454035,0
9.519663953584011,44.837,0.395,1.987,107.73,8.616962496914732,204.85564401116636,1103.0,1
0.5208563915935721,43.68270414381862,0.37522330094463374,1.0220048398943875,94.79461469334731,4.1816530999126975,68.57274259781298,969.6087960622657,0
14.691485555572486,44.837,0.395,1.987,107.73,8.607875906252739,201.6731582041595,1103.0,1
0.9901002751952606,38.135803868018016,0.31068818474746107,1.334743408383558,92.0460082248159,4.392277043251844,57.79268617786752,1449.8828548989757,0
16.729140485169307,44.837,0.395,1.987,107.73,20.25889419967896,60.68540738632274,1103.0,1
16.013209184731284,74.14306251049453,0.10921746560042496,0.280075423029875,53.8750353608425,37.40163855428388,197.0492441221694,9882.75936032052,1
11.49374307231636,44.837,0.395,1.987,107.73,8.575778313641923,265.7783781604333,1103.0,1
24.580636815833348,107.5920703210771,0.07529181076977626,0.37297904744791566,53.03571255194539,31.208314327099377,175.7365617609287,13372.395197471678,1
18.952273595637475,44.837,0.395,1.987,107.73,13.561117243370806,126.86720588751383,1103.0,1
21.229318783033634,61.91997711730119,0.08071815150597197,0.12116501911296838,66.04197946783836,37.28959225839388,158.95398934455108,12886.756579495972,1
2.321268736156262,45.732228402563806,0.4275091486918977,1.935004168862481,99.49733873499225,4.793273221410267,47.605620070208694,1153.5339829344377,0
17.87454187338211,44.837,0.395,1.987,107.73,20.303379401367803,58.82900696375412,1103.0,1
3.3695041948984406,47.53764211080312,0.35597542255061926,1.1634176044465447,103.98812918983398,5.711287359134136,61.53426527676036,555.5867036024038,0
0.5151847515386561,37.733736874097474,0.4146201368099759,1.914600875616117,116.07845038010402,3.784942583111959,62.8044805336884,711.7472624904002,0
3.088990494076616,50.06358840032454,0.3089960754858876,2.0011095629642868,101.46078195708492,5.809241093235254,69.93094749759007,90.07801598817844,0
17.55917470685816,89.39877647168447,0.1364380042580666,0.2901668385497326,14.314403038986736,41.997184431578205,194.9319989811467,3932.549020700706,1
2.2472679746217397,47.71724405030204,0.49353093642704127,1.8473093539298548,95.123829854648,4.183936270980745,68.20209100815124,673.8468355315558,0
2.8099806592958325,38.66895746744633,0.4368671427457001,0.7621601834881592,92.06726884674431,4.859741210488518,58.51587804025266,1912.2897044946196,0
17.5524580702113,44.837,0.395,1.987,107.73,20.076380010564847,64.72622874900577,1103.0,1
9.88955591077806,44.837,0.395,1.987,107.73,8.601884426162298,161.3744261623064,1103.0,1
1.441634229545082,46.74794881656745,0.3314899543823109,0.9621586828414546,97.38529829389476,4.197376673022579,55.74894049449554,2492.8475131652053,0
9.513291661041102,81.47476873518784,0.1188809651432005,0.15607218893503547,13.999589789398366,44.952506617325746,82.97806537341789,13022.928721906388,1
19.973443505019816,158.49061931816405,0.1156864611049767,0.11164388434354064,21.647726226758333,29.708047805704553,192.17864485325615,13019.481300625403,1
13.050188933546174,44.837,0.395,1.987,107.73,20.334988005979863,64.41896355738986,1103.0,1
8.06825764778176,100.81889842240328,0.05600297415477475,0.14542313318082553,57.90721030307143,35.33853483506897,102.84581435564417,7400.662903125589,1
20.209827113008664,44.837,0.395,1.987,107.73,20.253890502295253,59.801177777810175,1103.0,1
17.521094179616025,64.40983958145921,0.016859554076401943,0.1147926961329474,25.448752989548158,16.476828416292467,111.20576483029207,7620.69666862754,1
9.93922333983785,162.4556681690758,0.025321500867684626,0.3561828646425559,10.793728774317639,28.88875506679286,172.3331095305868,14217.5462099134,1
9.902795524802364,44.837,0.395,1.987,107.73,8.592006791521698,136.47835576874397,1103.0,1
20.028466350626054,172.66679909836273,0.10149258503287596,0.20902117959982813,66.29087035148335,21.093703618202888,119.8607026474079,11409.701016020885,1
6.045582065375193,161.56783060943755,0.02972945796325022,0.3623194095124993,31.15175447803104,35.84855795765806,118.30703573434262,13870.94005481577,1
17.985870844194388,44.837,0.395,1.987,107.73,20.18051835376008,61.343091850731305,1103.0,1
2.3544672029543574,46.941904499249766,0.41789460504607423,0.6185646100964489,103.05845232975967,4.81199075184649,47.19666247862084,1051.8807936275423,0
18.52530951898203,44.837,0.395,1.987,107.73,13.524791196269218,89.12161233084115,1103.0,1
0.61,44.837,0.395,1.987,107.73,8.616643355150215,227.85739532086447,1103.0,1
17.79316915151373,44.837,0.395,1.987,107.73,13.72917859131809,95.50485992926332,1103.0,1
10.75022398767518,122.2775127335594,0.07999853217894075,0.22169357783417126,20.14971363054521,44.256066585066804,182.39806239999032,8979.996339530848,1
10.691451812389584,44.837,0.395,1.987,107.73,13.827533816651547,222.87006451747604,1103.0,1
12.127000901923507,44.837,0.395,1.987,107.73,13.657793144323191,132.66627459107983,1103.0,1
0.7471431368475281,46.56848813527012,0.4463533642843406,1.1191931012965977,128.0345424900164,3.5287026212331507,55.80837002606505,2830.8477605027965,0
16.231890154243885,76.35171328827634,0.02965354546717313,0.1956451968619014,45.609784949311084,18.93388660602708,93.95980725599135,14641.402637021187,1
2.282725481925792,45.2535520420901,0.4547597378613165,1.693182428945287,107.16249477210664,3.9657294303319137,64.21453327283005,678.8172900095586,0
9.008214232341556,44.837,0.395,1.987,107.73,8.752429474700294,302.19279952588,1103.0,1
19.74264827913278,59.58911793538333,0.07121535090654768,0.20089701828110007,65.23215310615328,12.396099899998523,146.3377850862019,11887.962972799512,1
14.137761434745338,114.38854561647943,0.05790764034777537,0.3900118420055382,51.829975257421026,14.746361184866386,183.5551547975622,8766.719290035217,1
2.1121868088137687,50.63754547901693,0.3539037983097884,1.2592110836028325,119.50004992438994,4.582762793114325,50.61512057349955,1357.31854839808,0
2.1327720110457524,51.588239915331854,0.36074085814276136,1.2786654345867852,103.76366471397768,4.821903430567005,56.01662208560734,2639.7438801810436,0
7.4075629901106765,127.59607295180271,0.13931451318082386,0.24902302840179538,60.57672894737183,26.71425845537366,165.03002549213903,11782.47284743801,1
9.550888825844678,44.837,0.395,1.987,107.73,8.621159892404608,129.83963387632895,1103.0,1
0.6726762800499329,44.34199099950351,0.3824591504120131,2.2866379472407696,104.03660050208315,3.4097345574966207,48.5747920513209,2284.531895152417,0
1.3208799988449975,51.95111650268109,0.3778543906707919,1.4576353462263834,96.54495284766676,5.781833420624753,62.34205564453721,662.3088383662812,0
0.9972445308956621,50.144544094713495,0.32246105251050455,1.2731155217127097,94.21381937925332,3.778264566618596,57.980614269505125,1823.2580492869577,0
15.230512816189862,169.81519130539016,0.13561704907192576,0.14695876402472238,31.99826200578739,32.43100620154098,99.12738617256827,14616.266064548865,1
2.1614067221371287,40.1939132811864,0.36909445512228506,1.4496848269591878,114.02377333442469,4.804877996937742,67.98479933036043,1490.8904487174907,0
12.307336831013057,160.2019324697269,0.08319307368167174,0.3704893688459081,65.5715791848776,12.300239982265609,89.04946111913459,6004.304754850265,1
8.953984619628251,44.837,0.395,1.987,107.73,8.645168405286205,409.3763380630889,1103.0,1
17.57468030119986,88.26267106716358,0.005850963114422719,0.23667003459703267,63.45843308144223,30.793409531113006,179.88692500422894,14899.492115534738,1
1.3428035290621423,44.225833413690225,0.29227726749242877,2.1241742634326752,92.98202574719083,6.454104278101811,64.30611923241644,596.1470446025172,0
10.597425372942489,44.837,0.395,1.987,107.73,8.638943857311567,137.17302772978562,1103.0,1
18.694503277620093,81.51015468467222,0.035849652031732696,0.18438536906591024,34.66763669556275,19.732727166467384,82.35817792962173,13552.716681686346,1
8.390655900183408,44.837,0.395,1.987,107.73,8.64014519106193,174.03036152472197,1103.0,1
2.170354732784564,49.36705447543259,0.4887779161430508,0.9327339662476711,116.91058457649866,3.771764922024765,50.455188363804304,2622.2153199155555,0
1.7563799572224843,39.42268244635487,0.469246289494219,2.4644644719447686,100.26120249776991,5.289611105159261,49.9524408189935,1695.9907637148297,0
10.65723142081418,44.837,0.395,1.987,107.73,13.786868371051987,209.21470937779705,1103.0,1
18.523914927130782,162.3250133728123,0.14440988757917084,0.2885041352648333,21.04607940165742,15.486461399814713,177.54211658441093,9945.077716319991,1
10.5284294792025,44.837,0.395,1.987,107.73,13.80914384538756,195.89301657098076,1103.0,1
12.436735691328389,58.2298715275014,0.03326692379003196,0.3341413415140465,22.07051393733277,14.642092283455865,136.9343815813428,3119.630816814222,1
13.99921162067704,44.837,0.395,1.987,107.73,20.21045047418233,61.16314653273722,1103.0,1
0.941909132836911,35.133307043122585,0.43927653706874903,1.4505795082797948,95.37099403609102,6.352769423698696,58.2414930986405,725.6798823386675,0
21.23254028889707,91.73959506311672,0.06694895399798419,0.31810555810424024,51.57521375348731,44.5831595863026,107.01932290591182,10947.81496247499,1
2.2327800976434724,45.787901098355164,0.48937424788476824,1.3523438980586642,126.60360273628173,4.86560103536149,48.9488705708837,2087.6973545064075,0
2.7747895877870676,35.417977579799626,0.2566370654586992,1.2148594163841282,109.54572761618664,5.696425962327276,62.08238441516263,1337.708119130245,0
2.9629430518974225,44.63228940139287,0.4471091494702322,2.3069342865096663,105.9807513834774,4.143781470502221,45.27027709087991,2479.6532225743927,0
20.31413664777345,44.837,0.395,1.987,107.73,20.18810284232829,59.71273089651402,1103.0,1
17.463448490643746,64.30355230481446,0.0755537641856167,0.15478753907593035,44.43851050190452,33.034352204619054,146.80511078634248,11859.546125739693,1
17.950395911403263,176.1180496467864,0.10709369217971572,0.37739758287467406,41.02791352063828,15.863125628401468,143.38132657076204,4522.47393675712,1
0.8698513378968405,43.815548707317475,0.32375423274802007,1.2804654614053743,129.5802133353729,5.395099871238706,68.72451667617503,427.6696650993468,0
12.212010519623382,44.837,0.395,1.987,107.73,13.68442326113433,159.98024826802717,1103.0,1
3.0326369758584293,43.22834973265987,0.4042286327653779,1.1860897348300194,112.92168802476063,4.138239186966739,45.981735356041305,815.9958160330682,0
16.871505088285957,70.88881135837799,0.0641312783039568,0.14825808804552937,52.02087333199417,37.04264843579234,92.69558243273588,9073.678232335733,1
8.815335616548424,44.837,0.395,1.987,107.73,8.464152648726142,174.30458041989598,1103.0,1
0.5191576151505007,39.879648263973515,0.4350780755127227,2.4642537382521046,115.27254108066674,3.9093125337245596,60.85014257749028,1619.9561391475663,0
0.9958534704288723,35.03386629872419,0.4656218853560591,1.99156199321092,110.59733399653038,3.564769803693843,47.08885843776724,57.38689931186103,0
18.50184258981484,44.837,0.395,1.987,107.73,13.52496906584012,103.54934056368737,1103.0,1
22.632706983508214,119.3990282672767,0.11619789296895264,0.2686434261482755,43.162233402732404,15.786484625160332,95.13651896193825,9354.40338026949,1
11.327309962059404,45.62984332986253,0.395,1.987,107.73,20.33232646600967,59.90562743658855,1103.0,1
3.3414843887007435,50.04253700083207,0.4717200927818118,1.1271828914774127,101.26464168422527,6.371761121561133,45.2571123983923,2148.1499197264334,0
1.6656743038110373,42.62779158458302,0.3212632392622983,1.3091784040957462,99.09078509052605,3.256185733189553,60.086214834534445,2004.6383956650488,0
9.451628362986312,44.837,0.395,1.987,107.73,8.599872378152563,85.76565256171307,1103.0,1
7.92042038593925,172.25801744601642,0.13764709168566502,0.36624068206386473,47.52600700999561,38.67285097013718,88.28443242936498,7017.46850268815,1
15.59133336873373,44.837,0.395,1.987,107.73,20.22498121763344,60.855994009926896,1103.0,1
1.301084810508264,49.93670976803769,0.4892278064820785,1.8510584858510084,124.02326916376967,6.035529703359308,62.70907441787587,2511.039985091016,0
17.574204106584798,44.837,0.395,1.987,107.73,20.11267764711844,65.7339201580901,1103.0,1
13.436174702735316,44.837,0.395,1.987,107.73,13.748371097574472,82.99716210640946,1103.0,1
0.5709157581390092,45.91351550753552,0.4321282108266342,1.6387250841567331,99.27788384463902,4.368170985669302,59.861908379654324,1490.300576577508,0
10.578152805390395,44.837,0.395,1.987,107.73,13.848031850484292,171.972716877106,1103.0,1
3.2086849855759616,49.48848586465009,0.45034140496792197,1.72712098320403,125.69209992558609,3.6486556283505003,46.97422905477072,718.5305097286143,0
3.325177134856775,46.36573499428954,0.45360098700176943,1.2876479825919434,113.74643164834154,3.0354591440971017,60.902401160238554,2739.8608427287104,0
7.532742510367488,77.31497365907484,0.07395451877382034,0.12458153171144384,21.758811082105716,43.14429061299647,197.17875933774644,7515.111951965063,1
2.1601135692493156,43.55325203337618,0.3081589203810678,2.231751865219494,117.07763131987349,5.932679311981312,66.46910698373681,2245.067560997219,0
2.2852337921007644,35.874238829232254,0.39890987416037094,1.7340014129420895,103.36975563267843,5.698192713110377,47.664956328344296,225.4133452074263,0
8.63460293511207,44.837,0.395,1.987,107.73,8.610016292962758,288.8391541879597,1103.0,1
3.482418083663503,46.25126622743944,0.4173350252110075,1.9882359694545677,108.60822449134872,3.2104981991027484,59.05742039694775,2872.8758535161405,0
13.874321340961462,44.837,0.395,1.987,107.73,13.807562498254388,85.93704991615239,1103.0,1
1.5035338662257964,35.445344045045104,0.2572575291674066,2.1802243829839694,100.9228323989125,4.813275681835854,52.46813933971933,2822.0377353460217,0
12.729251286558705,107.53120022594274,0.08431663239348443,0.1017594183661484,14.710592107216591,41.08151623617938,89.34547869095489,11481.643154526062,1
17.30857830065853,105.71430302261847,0.006162354743333293,0.20418654229170935,25.913711350160476,34.641008080135066,193.8548597230302,6216.566248543653,1
9.979355273608366,44.837,0.395,1.987,107.73,8.580360142591339,190.9644423263944,1103.0,1
1.4387221826409446,39.608636313989116,0.42930048481081096,2.245581703862214,127.86934915693583,3.3706703154131517,48.870715314943,2834.208776349239,0
10.35994533768756,169.0260295976907,0.09497680123436585,0.3163163982693616,25.42914106654575,35.73980913396907,83.37458075335086,7503.8561492761655,1
15.005191842493254,44.837,0.395,1.987,107.73,13.86225075283317,82.08526997137511,1103.0,1
0.5363623239316798,39.1004247791922,0.5427621264730162,2.12292051257768,128.38306577284135,4.7074891537422685,47.74340496693759,1643.8784669210788,0
20.23712893153164,44.837,0.395,1.987,107.73,20.20636412389115,59.26768259606932,1103.0,1
2.3033450352296265,47.03723382253277,0.2561753482887407,2.4428287191077893,123.29770563201687,3.7431868873739664,49.54562418017751,550.2135295603015,0
1.3794431907830398,50.237708914859034,0.25390057705322083,0.7624662086234893,98.31545020584109,3.092862713558369,49.53588587724494,1749.1246829090765,0
12.722620976749342,44.837,0.395,1.987,107.73,20.186430001062767,65.15563581482179,1103.0,1
20.127121094872685,154.26682021653403,0.07418955791456382,0.36842427124939037,26.060106231657855,25.549757008862798,187.8316292682764,13755.080597658947,1
18.549072874095053,44.837,0.395,1.987,107.73,13.545196564743568,101.39110401376276,1103.0,1
8.336971564111552,170.466424484597,0.12322068791642862,0.20621936870652824,49.34924603964357,29.730097231045256,161.25491161790768,11192.053829553111,1
22.35959253461806,127.88821965998724,0.10770212671905023,0.21161307034366222,15.546971022223996,27.110709739193357,127.33752690066291,13404.722188547368,1
9.562007558047704,170.27791476935752,0.08888522741472402,0.21397728728860438,40.11613484685164,31.96735136344554,147.18686382149426,8836.860426434137,1
3.403284395808686,42.47558827063445,0.333510544498797,2.1167570746974547,103.05015672164588,4.0478418079687195,50.81264980519578,389.0369346727061,0
8.975519800863362,44.837,0.395,1.987,107.73,8.733944993336184,340.7562829456785,1103.0,1
17.015842986792382,142.60821215548498,0.04278087040206211,0.28923112605178625,37.338972966392646,27.90657221263877,170.93318724501896,6383.0202671670195,1
14.866956547523383,44.837,0.395,1.987,107.73,20.326821750115812,58.89236971314061,1103.0,1
6.118527002564513,72.77267204841895,0.007923884086290372,0.28775235849471276,13.270556644823175,39.60251133341207,141.43263568183133,9324.091494978406,1
11.360792233890397,170.58022389107958,0.008433644227645837,0.24569028952400215,64.76804802447171,32.14197925799918,145.56884890545587,5996.930150752263,1
13.347658836009465,73.03900546093519,0.014033911036850333,0.10500146517988994,62.412055854712875,19.80367210387692,105.38080991381216,11832.424805112787,1
2.721428395860557,37.42845488411426,0.47602837667709075,2.060953286004518,116.3416206268022,5.681405764784552,66.1480359919433,1840.8123427123753,0
16.783460525652487,44.837,0.395,1.987,107.73,20.111064554772454,60.56228050028033,1103.0,1
19.923862493719295,44.837,0.395,1.987,107.73,20.13944549664168,64.52781544499287,1103.0,1
10.651005350372778,89.87603629347458,0.060745288106428263,0.3996378807446964,13.297978410389323,31.09188000071654,89.90865896423327,4854.249959886228,1
11.131439873776095,44.837,0.395,1.987,107.73,13.01645496087142,86.32450811365347,1103.0,1
14.7665921120739,44.837,0.395,1.987,107.73,20.241427957880926,60.80666142907376,1103.0,1
16.38620774250591,44.837,0.395,1.987,107.73,20.275937673123316,59.24312830236511,1103.0,1
22.35404195838478,143.4525732175669,0.015932074138268432,0.3327631763409079,58.47743968654114,37.336232384573144,93.67590645430894,10726.895484813176,1
11.688850542362081,119.9140865802879,0.029633385851771735,0.3415523192081131,21.146617281922467,14.803887566352392,132.34952316285887,10899.689274072742,1
7.987987769075446,118.74813491418715,0.06908738260419998,0.37022804873521975,65.80032266746436,24.657723903240637,139.00855316227873,13754.834989753597,1
21.879869438840494,87.80104706116273,0.06325689262888745,0.11197675976912537,36.944710848092555,31.06123166102541,148.50884645025738,6989.120306092382,1
17.391651856541735,137.93629314108875,0.125443696965369,0.16463887218271903,17.22890934630808,40.100726672631545,98.79353778711798,14697.120976034343,1
13.442007937046526,44.837,0.395,1.987,107.73,20.21648833701716,61.09905083738639,1103.0,1
17.170035319190053,44.837,0.395,1.987,107.73,20.16078753326604,60.51946029384224,1103.0,1
10.65194849149156,44.837,0.395,1.987,107.73,8.617863344512728,255.58776929879303,1103.0,1
1.5025781425193299,47.42479587819473,0.37600330128869885,1.698883549921426,123.30447093304525,5.814579477443594,66.66057958849251,178.85197603397705,0
12.207343908949492,44.837,0.395,1.987,107.73,20.180827000814173,63.11081950871771,1103.0,1
2.9264789704750522,49.88330705673024,0.34073989523844095,2.2315264303646902,124.28923749479165,5.676278326347058,48.66737785037954,2070.968540702187,0
8.912390133429327,44.837,0.395,1.987,107.73,8.703457999367314,1934.792233700512,1103.0,1
20.306325990507723,171.17543548114423,0.030720361358431425,0.3393994105657672,54.31276320381781,14.10522035636873,126.46677694522484,6393.1854847211835,1
0.61,44.837,0.395,1.987,107.73,8.635778595194099,169.32943423856074,1103.0,1
1.9998769758943653,47.414236222002714,0.43575182060975104,0.9546158856155968,91.02758579477633,3.995894849869268,56.075842658440486,1851.3178332859688,0
8.389928120029577,44.837,0.395,1.987,107.73,8.645821978213043,282.4208592044254,1103.0,1
2.241935677728902,50.910933220225516,0.4516752061882584,1.5144281073165502,122.38700145063558,6.326864873340432,45.55165371705727,2947.563816768116,0
9.549751300033954,44.837,0.395,1.987,107.73,8.61198129008782,220.0470473085385,1103.0,1
18.197872472816663,44.837,0.395,1.987,107.73,20.11954654023998,67.63209193454666,1103.0,1
21.53735694346724,125.3319278628428,0.11432812667911231,0.3140822098790415,22.45068972309274,30.770820302317805,184.1267783366111,8185.394841623152,1
0.9704381159504171,49.06413654553318,0.26257456501487725,1.3964474642140305,96.72814623066073,6.077655754874659,58.92601283187588,694.141909130544,0
0.9550246391982535,40.29927515252432,0.32454674194433974,2.013497955888086,91.34129738943118,4.994613897049608,64.06146714351726,2630.2969102852485,0
11.4932145702566,44.837,0.395,1.987,107.73,8.582907748253788,243.30251834708707,1103.0,1
1.988717665702442,39.855641805558136,0.4703824902131606,0.6454979040139186,113.39311245223163,6.295159831271229,49.36023167778749,1414.9484722517861,0
22.704777574151304,65.83832094945502,0.08075446531515341,0.3739689058837812,33.278365263873184,39.37567243713616,96.04347852793234,14224.733876013584,1
17.9953395285611,44.837,0.395,1.987,107.73,20.11758241516707,65.09738942989608,1103.0,1
15.926526985652728,44.837,0.395,1.987,107.73,13.872238768477413,78.27722336559214,1103.0,1
10.635263633215168,44.837,0.395,1.987,107.73,13.828020944681732,155.77262956023958,1103.0,1
8.376397256296881,44.837,0.395,1.987,107.73,8.594205460917614,158.0724125923205,1103.0,1
2.8460842630111576,47.0486598616306,0.26084811415742865,1.1759438762961243,100.52450279643372,4.260477426150317,47.19106866909596,2810.8734690931883,0
2.728644481003817,47.54459568701843,0.40643470725006403,0.7300715667337982,104.84451753720512,6.222683129621751,59.61122274393565,1614.9958297671403,0
13.492424883609033,44.837,0.395,1.987,107.73,20.285339325343884,58.34912753496157,1103.0,1
21.496162850133796,44.837,0.395,1.987,107.73,13.801433834680743,96.60457031672544,1103.0,1
2.4926581549669047,49.98874040133964,0.4942377056773486,1.9017551887615198,94.41727453644411,4.0121560620358245,52.74517188306172,749.8708391928636,0
18.104376500484896,44.837,0.395,1.987,107.73,20.223933598084404,61.110560464393245,1103.0,1
19.06560108084501,105.31579443626777,0.13800600788188552,0.2950765213280985,15.425138667499645,43.2792667193708,111.02687163682951,7046.549884875429,1
11.832822253812036,136.05806961252964,0.01026610638639392,0.36921919549647597,17.162860680291807,22.818813650232002,177.8894456751345,10167.748539968543,1
0.61,44.837,0.395,1.987,107.73,8.589348414656861,208.45867652932432,1103.0,1
20.50596124581174,44.837,0.395,1.987,107.73,20.20065554064476,59.18692393807128,1103.0,1
18.132196710654064,44.837,0.395,1.987,107.73,20.205152153641727,58.61682291823975,1103.0,1
19.002866237554503,44.837,0.395,1.987,107.73,13.72023512268558,91.9490637241799,1103.0,1
20.04246566417425,44.837,0.395,1.987,107.73,20.042472242887868,66.57054032020999,1103.0,1
12.927376469376902,44.837,0.395,1.987,107.73,20.25868687175274,63.095076822458594,1103.0,1
1.044793150404277,50.44365954267168,0.42501753842983614,1.3616176918509157,108.48023214576531,6.3154916886413535,48.83378507790201,1758.6894960503917,0
20.256614369300795,44.837,0.395,1.987,107.73,20.2440503925514,61.867237851186246,1103.0,1
3.1115808988081524,45.7341216607124,0.4097512199247946,0.819249820139943,114.22551557293646,3.410213669880817,53.4301643891438,428.5258944429956,0
3.1582583264405493,50.22672905253248,0.33918616128439794,1.0369881325301569,106.45215888264926,3.8418605481305206,61.809596082292586,2478.1940536448565,0
8.26068093427333,44.837,0.395,1.987,107.73,8.668506919437991,251.8403431705736,1103.0,1
9.650320366139274,44.837,0.395,1.987,107.73,8.602059105714696,244.99310847065405,1103.0,1
12.335360666380502,44.837,0.395,1.987,107.73,13.660617783071332,196.29311979815836,1103.0,1
16.878098663759523,44.837,0.395,1.987,107.73,20.25401999318452,58.27383254470876,1103.0,1
1.0756019741562288,40.497316555963856,0.31799692066809643,1.2744929810806809,92.77695370984374,4.816709268178946,46.69031408980537,2401.0695234670848,0
0.6262795689090856,35.30385689046803,0.5463167169208095,1.4127689540981385,105.37306588638727,5.378765489425744,50.4563471966266,2849.883551850676,0
9.762340303078163,44.837,0.395,1.987,107.73,8.565854346068761,175.031194726568,1103.0,1
2.1476799941183615,47.14813068590106,0.44805921301531937,1.1318744041972915,128.19461122652777,5.5826392084351895,58.85885131278502,1835.1622387030568,0
11.513844900053446,44.837,0.395,1.987,107.73,8.56589549203248,214.64262628596893,1103.0,1
1.6165010715125399,42.34530701005133,0.38182149690833567,1.7645852067395986,127.72303350978831,3.8424244914137673,48.037534407522955,592.411469579812,0
0.6697569684401469,41.35665779921783,0.533334574808291,1.8192953548672604,116.85916594668828,5.21298753773174,49.97480347398592,1255.0015923068404,0
3.295261158298449,41.74925570103226,0.2761278300387314,1.7724263806238225,94.55353573906406,4.208280999805922,57.68529846794522,2622.6675740555274,0
1.9217636603483081,47.17875090328768,0.3312828094949096,0.9842829429966162,102.55307232897663,3.845252197974917,50.3728159259099,1274.5525286042607,0
3.3544721305303615,49.254361175331425,0.49152709554869883,2.1636692295793583,127.30842032531045,4.904888881397942,50.00705044669065,1850.3508235576235,0
2.03717846219632,40.93014242679671,0.3624474773049993,1.780528185895844,118.74872453048809,3.387112596056063,45.88975577016191,2982.9909080571447,0
9.875189487781867,44.837,0.395,1.987,107.73,8.58663054314326,203.1354239835325,1103.0,1
6.602833854348604,44.837,0.395,1.987,107.73,8.631797778641749,150.3115832616376,1103.0,1
16.898466268059295,44.837,0.395,1.987,107.73,20.08398617393953,60.625840664690486,1103.0,1
9.982557570015384,44.837,0.395,1.987,107.73,8.592664297427692,150.91464319222123,1103.0,1
17.96513908155644,76.54829526314577,0.13085918450322223,0.2839348717207725,19.432233013417253,43.75715589687982,142.20385560023848,3874.78142245986,1
2.0433839832196825,36.4459585533171,0.41466184046278,1.3219602500342498,114.28541123534308,4.360542217567914,51.00747808625917,284.8958256851295,0
3.29818545006204,49.72308612150694,0.26356560103185683,0.6500972515447788,105.05853467512199,5.836936657736415,69.68190323287361,451.25067331058455,0
3.2890929570277194,48.738046452595086,0.44002112695312706,2.2557751213566637,122.14688307596458,3.6529952061011253,67.31397496224945,1618.0267257469523,0
9.105662070723948,44.837,0.395,1.987,107.73,8.27840356278541,243.8982501156495,1103.0,1
8.89251693298038,44.837,0.395,1.987,107.73,8.733413202005266,147.12515538612527,1103.0,1
1.7515802556937294,37.723835216600605,0.3012809207262545,1.3944750975093192,120.29131913102003,6.14287626396726,47.103191556484575,1179.311722678203,0
2.7528193950899547,36.723339258403705,0.3333558328269137,1.1250063060851219,107.28075710378025,6.431290593297648,46.687563667095546,1556.102983141785,0
2.3584710380288434,42.87939874460973,0.36393573405376894,2.240333934186468,110.76327140544872,4.677136571704058,45.64105164516089,1023.7434828784691,0
17.43362818441636,44.837,0.395,1.987,107.73,19.363113850016685,64.80353904709544,1103.0,1
2.9419108085180565,45.45873044992719,0.34187608623598353,1.785402088954113,111.08165855646607,4.491291843616301,48.26775941850499,2659.8126457214003,0
13.298209512785334,44.837,0.395,1.987,107.73,20.31231077741845,59.802600798423256,1103.0,1
13.766657669520685,44.837,0.395,1.987,107.73,8.62662880761044,202.2068726286003,1103.0,1
10.610283486183263,44.837,0.395,1.987,107.73,13.851006956268966,162.92360154245165,1103.0,1
2.5326268023768597,40.30168558458701,0.4821974134458288,2.0685508155646186,110.85184190616556,6.416048381477248,48.13875536906633,50.84299466874298,0
18.59838972879023,44.837,0.395,1.987,107.73,20.08853141686,65.22314311010646,1103.0,1
0.5351198321927122,42.17458242216986,0.3385122122962469,1.5234009382154456,113.08799546938204,3.1530867530813156,48.07508237809364,1675.927189351276,0
9.86563720485018,44.837,0.395,1.987,107.73,8.616412749331728,146.82253584512233,1103.0,1
24.436906026509693,119.07690551289998,0.04363152813473737,0.24082205259677744,61.47146701104934,22.061803104707096,103.12116757840404,4548.854963170577,1
1.214439960997089,50.44338738194938,0.39042071627028707,1.4859688845856556,120.42302569821129,3.5407227140172406,57.18163385250127,1289.955642363179,0
10.248321633924288,85.2205634349602,0.07245211692659256,0.36604946184068776,32.70085490095882,36.74094964385693,91.61824771846624,8712.680425812741,1
15.75408037042215,44.837,0.395,1.987,107.73,13.74019417854452,78.64387105286248,1103.0,1
2.6360420609923425,49.04162961603739,0.28019124355706,1.0557608142362949,95.67887959043975,4.217794940537583,56.25877447263532,2246.479010889919,0
14.042380998287346,44.837,0.395,1.987,107.73,13.782029754028756,97.0385413172591,1103.0,1
1.201136245731299,44.18020254827668,0.5140237262684375,1.8366670011896686,111.31831146205342,4.135168135903815,53.32504782645495,2008.4608655945704,0
0.5996093263740997,36.33583445163535,0.36907698286047885,0.8521599326818146,112.70163393046232,5.41312739198043,65.01466747772707,600.4507327344303,0
19.80438365387284,44.837,0.395,1.987,107.73,20.050306260853358,65.60620716488398,1103.0,1
1.8176318037491521,45.379294835262215,0.29810962183592293,1.8799262932023244,97.17013022957123,5.428823566785549,50.73995401884922,352.65390045065993,0
13.092196136425349,44.837,0.395,1.987,107.73,20.13178283186271,63.81343028605298,1103.0,1
8.953100081063523,44.837,0.395,1.987,107.73,8.628084566352106,326.00445280795043,1103.0,1
3.084994654097303,44.810990400594406,0.5171975366385528,1.7341959244850278,122.40644359838811,4.503856771743018,63.746498282206716,2739.124400669568,0
15.074388691799125,158.77536054322024,0.09960183421014034,0.20151035977756476,66.13138136553144,42.10284985122301,105.12180792609186,3473.0110214443557,1
11.485677483804162,44.837,0.395,1.987,107.73,8.577809591749123,143.35611158382773,1103.0,1
0.61,44.837,0.395,1.987,107.73,8.595091667117455,253.76127341032128,1103.0,1
5.750573150636063,126.15377651143099,0.1381156274454113,0.39052573915012245,42.43316052333545,27.120758573323126,193.40205130981929,11083.317983960342,1
6.609855009374952,44.837,0.395,1.987,107.73,8.632091010778113,118.26677257494204,1103.0,1
2.119871390841679,49.31456600439916,0.40628739318161267,1.7848128072052432,93.56497728464066,5.6434464717388275,48.19283709088087,2478.202890757585,0
3.101216955740311,50.525089393460014,0.40340271965828134,1.5528809599056792,121.931807158671,5.274873757722178,62.54917193144259,2387.3780083083034,0
11.645786214281008,44.837,0.395,1.987,107.73,19.073898542814185,61.34445246365838,1103.0,1
3.0966871495166104,36.74832406667711,0.2877865589138075,2.4603879546911696,116.95355593080018,5.964105285501335,53.10823443378795,2029.4512485618131,0
9.926964944846038,62.90667611233495,0.019756430280953263,0.3576234905588741,48.026997084837255,20.35563839120923,146.63549903938176,9330.955469104205,1
5.775989094577749,78.34656602889117,0.12468687076349137,0.33003050690150076,31.03856148742881,24.43475071654901,144.02653202642955,3002.8920562216144,1
5.439636296192458,155.3371756670027,0.11820527243625331,0.18916423415352882,18.137596960438806,16.80574534127897,163.69179406846308,10713.679093034083,1
1.1048819601432336,37.782151028716974,0.29927973937929786,2.147691968439626,116.607888827848,4.830728986691918,53.970762103087566,2631.6016224393247,0
23.729866626204515,158.19185519005197,0.11869660714690003,0.16027340190565675,58.307152525279896,40.054380244606214,114.69804013449811,14427.120940347884,1
10.724046496356648,44.837,0.395,1.987,107.73,13.796593933269412,163.79820956265206,1103.0,1
0.7742659754514145,45.636592508442995,0.4151595041788677,1.3739944960043813,110.85508085894965,6.138011304641536,49.90735755777668,67.6935351160417,0
7.649413126838532,123.36443922414053,0.08193714001962764,0.12684193684311618,35.07904513041481,40.15839835271767,182.73843463935924,4190.8519790361715,1
11.812926535194674,44.837,0.395,1.987,107.73,19.013773850681694,61.33796139459839,1103.0,1
2.426976577715682,36.102511106210464,0.42399513622843943,1.666820717123095,112.42640377664684,5.112206833087592,61.91169843065906,2414.9669990423095,0
3.222699421778279,39.23796789553087,0.37311487691068895,2.0355471632317923,99.15192661966489,3.2694296844007753,52.2437863228442,483.66386176201325,0
2.5775972946113237,37.285397199938075,0.3398186765115044,1.2815594982923255,122.1774883071802,3.9756595534509356,50.26762409668008,2872.3440571142887,0
14.16079975818077,44.837,0.395,1.987,107.73,20.48371718034593,60.85852983264111,1103.0,1
3.4310208633168306,36.73218271483992,0.2524959826681576,1.4238073060019671,93.70501932205468,5.61934522386681,67.86371659621398,1302.0629181262766,0
14.206581012855303,82.19849249145557,0.0200667217490952,0.3859921502747118,14.359935254869402,18.570082857885545,121.73868169196552,10442.818187533445,1
2.4761233265026283,43.46932717970336,0.4166090652812894,1.9664833787173013,99.13818965325194,6.487168706198597,69.36982905366958,1950.9770590408107,0
14.055216320239532,44.837,0.395,1.987,107.73,13.775788456694812,94.54052141263864,1103.0,1
1.6033493981577598,45.74919912009085,0.4400589132282684,1.6179718997420411,93.61159080217634,5.923558734562333,53.0195016242934,559.5555311995627,0
17.20313080034979,44.837,0.395,1.987,107.73,20.10027066438444,60.94153849931885,1103.0,1
10.024252710942042,44.837,0.395,1.987,107.73,8.579913058182969,83.80329774672289,1103.0,1
11.928506814792122,44.837,0.395,1.987,107.73,13.752771900432784,104.45539551440116,1103.0,1
11.089808487080608,177.8683599443376,0.09641661202198919,0.3153028473380499,68.59705823890056,24.447658821102078,176.2208202143367,8214.371559653944,1
1.964533025932442,37.264096136347895,0.32839990536561514,1.3962889985424618,113.97197148025555,4.797977493253567,52.20461314898824,19.393073369131653,0
20.34466788318446,80.73591384582492,0.04825295530519641,0.23964609173190984,66.59175098160705,42.74713701687621,104.82462505067454,7298.628494916874,1
12.435701936661228,44.837,0.395,1.987,107.73,20.26161268070517,63.664251048805774,1103.0,1
18.51202781889524,44.837,0.395,1.987,107.73,13.52972465878732,124.10720936865624,1103.0,1
3.366571087864804,35.30995390549815,0.30873339570506386,0.61436946245847,115.89898856618412,6.143106921324954,51.08705741440748,2781.10363438892,0
11.152208592012222,44.837,0.395,1.987,107.73,13.026701541819406,88.0589249976714,1103.0,1
14.095525857214186,44.837,0.395,1.987,107.73,20.137766901364063,65.10162717316587,1103.0,1
2.5770629184632425,38.96665798503855,0.4375990509863362,2.019448707545155,98.74855555626156,3.209801553014579,48.27434357485435,1817.9909018130763,0
6.619042520412412,44.837,0.395,1.987,107.73,8.625076763271721,240.20802090328172,1103.0,1
2.2845421385057287,47.56073351126155,0.2597330338141561,1.851563513581342,111.29167503805817,3.3614275310626693,49.31309692365905,1703.9228919482416,0
14.97964064993556,44.837,0.395,1.987,107.73,13.84008321463326,80.01966607413428,1103.0,1
17.989593861984808,44.837,0.395,1.987,107.73,20.059488955769694,68.12482239238099,1103.0,1
1.5420299787765281,50.29716687668363,0.2565470190326469,1.8612004037336192,128.53577736854203,4.960588642116447,68.4205615508273,156.7736378580713,0
0.6223254246642917,45.045180034200115,0.45326930855268477,0.6315168749629266,110.48372233197124,3.792735213192783,61.12931976023624,523.0992870149744,0
20.24259240900649,172.02207052081314,0.14111262888516915,0.15243438546248017,62.484618979393964,36.335237567095035,110.34048808283471,3807.4153550581746,1
2.6737948605428867,36.89708099927321,0.43249585000233154,1.1339945253170893,96.93984201420088,4.329130330217611,65.03614440557385,1176.2807307137182,0
0.61,44.837,0.395,1.987,107.73,8.612155457533946,255.43183345495743,1103.0,1
1.3766546913856934,50.48309274794656,0.4761885710790352,2.1293228759987333,90.72026222401819,6.369836249759091,63.16677480175808,914.2532861584,0
18.521062607791603,44.837,0.395,1.987,107.73,13.535203000061784,71.28013599434239,1103.0,1
8.96300718633343,44.837,0.395,1.987,107.73,8.593526910547276,256.804617631847,1103.0,1
2.7096056850043775,50.01089502210614,0.31078979024060294,1.7164131551078636,118.04558377669895,5.380391599064405,55.20379227166745,46.18467507392543,0
20.34856195795068,44.837,0.395,1.987,107.73,20.267701389145287,59.56447698952163,1103.0,1
9.803031920440283,95.44057671712974,0.02757193342227224,0.2730808370034519,19.290483678847295,23.75440013422552,163.64156167211155,9721.39179611218,1
2.36724092469799,48.28247154770418,0.4234895198261082,0.8792291482175983,122.44495079733883,5.22584147507305,54.704142653174884,2022.3908866081888,0
12.590419944836214,44.837,0.395,1.987,107.73,19.805979650397354,59.32723634213485,1103.0,1
7.093208806929622,107.86794296769472,0.11933675643863796,0.14241506626490208,17.81922599034015,33.23315533407192,103.66195783616796,4171.320457307899,1
2.1184738771260117,48.442293802262384,0.345625750879621,1.7891936152303174,125.43910992944748,5.1555211586380665,50.82398686884085,73.20234466961406,0
21.44830256206365,44.837,0.395,1.987,107.73,13.79201970101928,88.94581550723962,1103.0,1
8.967167994640304,44.837,0.395,1.987,107.73,8.644134366204923,217.26736200407217,1103.0,1
16.081985607916522,76.8123107997444,0.05680550333717389,0.3529434595089237,48.652780959377075,33.473904683015405,184.0185782826187,13727.676689550057,1
1.3658916597207673,44.88104976418441,0.2963088145822607,1.514166193524153,111.30357730206343,3.181382378878494,53.415106954848014,403.2440308169227,0
23.688215891424296,61.05802905947779,0.031541426685279206,0.26976658153052774,46.93315739159075,13.305397716566233,128.36465094885585,10789.847577970473,1
1.3941566259183293,36.79120367826456,0.4845471590034807,1.82388352080424,91.92744049573184,4.260176630653424,68.91999538710715,1501.2034371306036,0
24.142696650795923,108.3881306700429,0.07126505110375807,0.3693865648555058,41.50296041472308,35.34020409288702,110.2607452994636,8360.717624431687,1
0.9883729676186881,45.11861818015687,0.29514168130179924,2.4393451247563935,107.86858109034081,4.755312861225582,51.16646539513516,1412.8807573042004,0
2.1992139208906916,43.092856837384694,0.44910134960879444,2.3799765047170403,119.30288388841001,3.752291325067649,45.779578376532115,786.7921328994753,0
9.85584780489274,44.837,0.395,1.987,107.73,8.586962846293329,217.76165046103853,1103.0,1
6.548564940918672,44.837,0.395,1.987,107.73,8.638946952963288,131.23254282208683,1103.0,1
8.962390343130291,44.837,0.395,1.987,107.73,8.654619728710356,244.02725836214196,1103.0,1
12.06946384121441,94.45415192089403,0.0736529644003365,0.19622007469347139,21.535475108085514,22.21249511992383,196.98851273722818,7933.361003938183,1
15.372888353428488,44.837,0.395,1.987,107.73,13.852264128713417,96.190240906745,1103.0,1
23.87548240689632,55.47878631254032,0.03571872648809981,0.3815342921231223,20.265158011429723,15.737033904114055,148.42246589597653,13342.125879537958,1
8.974294076305156,44.837,0.395,1.987,107.73,8.628614449228579,525.2719307609367,1103.0,1
